0,0,1,0,1,0,-1,0,0,0.00333333333333333,0,0.499416666666667,0
0,0,1,0,1,0,-1,0,0,0.00666666666666667,0,0.498833333333333,0
0,0,1,0,1,0,-1,0,0,0.01,0,0.49825,0
0,0,1,0,1,0,-1,0,0,0.0133333333333333,0,0.497666666666667,0
0,0,1,0,1,0,-1,0,0,0.0166666666666667,0,0.497083333333333,0
0,0,1,0,1,0,-1,0,0,0.02,0,0.4965,0
0,0,1,0,1,0,-1,0,0,0.0233333333333333,0,0.495916666666667,0
0,0,1,0,1,0,-1,0,0,0.0266666666666667,0,0.495333333333333,0
0,0,1,0,1,0,-1,0,0,0.03,0,0.49475,0
0,0,1,0,1,0,-1,0,0,0.0333333333333333,0,0.494166666666667,0
0,0,1,0,1,0,-1,0,0,0.0366666666666667,0,0.493583333333333,0
0,0,1,0,1,0,-1,0,0,0.04,0,0.493,0
0,0,1,0,1,0,-1,0,0,0.0433333333333333,0,0.492416666666667,0
0,0,1,0,1,0,-1,0,0,0.0466666666666667,0,0.491833333333333,0
0,0,1,0,1,0,-1,0,0,0.05,0,0.49125,0
0,0,1,0,1,0,-1,0,0,0.0533333333333333,0,0.490666666666667,0
0,0,1,0,1,0,-1,0,0,0.0566666666666667,0,0.490083333333333,0
0,0,1,0,1,0,-1,0,0,0.06,0,0.4895,0
0,0,1,0,1,0,-1,0,0,0.0633333333333333,0,0.488916666666667,0
0,0,1,0,1,0,-1,0,0,0.0666666666666667,0,0.488333333333333,0
0,0,1,0,1,0,-1,0,0,0.07,0,0.48775,0
0,0,1,0,1,0,-1,0,0,0.0733333333333333,0,0.487166666666667,0
0,0,1,0,1,0,-1,0,0,0.0766666666666667,0,0.486583333333333,0
0,0,1,0,1,0,-1,0,0,0.08,0,0.486,0
0,0,1,0,1,0,-1,0,0,0.0833333333333333,0,0.485416666666667,0
0,0,1,0,1,0,-1,0,0,0.0866666666666667,0,0.484833333333333,0
0,0,1,0,1,0,-1,0,0,0.09,0,0.48425,0
0,0,1,0,1,0,-1,0,0,0.0933333333333333,0,0.483666666666667,0
0,0,1,0,1,0,-1,0,0,0.0966666666666667,0,0.483083333333333,0
0,0,1,0,1,0,-1,0,0,0.1,0,0.4825,0
0,0,1,0,1,0,-1,0,0,0.103333333333333,0,0.481916666666667,0
0,0,1,0,1,0,-1,0,0,0.106666666666667,0,0.481333333333333,0
0,0,1,0,1,0,-1,0,0,0.11,0,0.48075,0
0,0,1,0,1,0,-1,0,0,0.113333333333333,0,0.480166666666667,0
0,0,1,0,1,0,-1,0,0,0.116666666666667,0,0.479583333333333,0
0,0,1,0,1,0,-1,0,0,0.12,0,0.479,0
0,0,1,0,1,0,-1,0,0,0.123333333333333,0,0.478416666666667,0
0,0,1,0,1,0,-1,0,0,0.126666666666667,0,0.477833333333333,0
0,0,1,0,1,0,-1,0,0,0.13,0,0.47725,0
0,0,1,0,1,0,-1,0,0,0.133333333333333,0,0.476666666666667,0
0,0,1,0,1,0,-1,0,0,0.136666666666667,0,0.476083333333333,0
0,0,1,0,1,0,-1,0,0,0.14,0,0.4755,0
0,0,1,0,1,0,-1,0,0,0.143333333333333,0,0.474916666666667,0
0,0,1,0,1,0,-1,0,0,0.146666666666667,0,0.474333333333333,0
0,0,1,0,1,0,-1,0,0,0.15,0,0.47375,0
0,0,1,0,1,0,-1,0,0,0.153333333333333,0,0.473166666666667,0
0,0,1,0,1,0,-1,0,0,0.156666666666667,0,0.472583333333333,0
0,0,1,0,1,0,-1,0,0,0.16,0,0.472,0
0,0,1,0,1,0,-1,0,0,0.163333333333333,0,0.471416666666667,0
0,0,1,0,1,0,-1,0,0,0.166666666666667,0,0.470833333333333,0
0,0,1,0,1,0,-1,0,0,0.17,0,0.47025,0
0,0,1,0,1,0,-1,0,0,0.173333333333333,0,0.469666666666667,0
0,0,1,0,1,0,-1,0,0,0.176666666666667,0,0.469083333333333,0
0,0,1,0,1,0,-1,0,0,0.18,0,0.4685,0
0,0,1,0,1,0,-1,0,0,0.183333333333333,0,0.467916666666667,0
0,0,1,0,1,0,-1,0,0,0.186666666666667,0,0.467333333333333,0
0,0,1,0,1,0,-1,0,0,0.19,0,0.46675,0
0,0,1,0,1,0,-1,0,0,0.193333333333333,0,0.466166666666667,0
0,0,1,0,1,0,-1,0,0,0.196666666666667,0,0.465583333333333,0
0,0,1,0,1,0,-1,0,0,0.2,0,0.465,0
0,0,1,0,1,0,-1,0,0,0.203333333333333,0,0.464416666666667,0
0,0,1,0,1,0,-1,0,0,0.206666666666667,0,0.463833333333333,0
0,0,1,0,1,0,-1,0,0,0.21,0,0.46325,0
0,0,1,0,1,0,-1,0,0,0.213333333333333,0,0.462666666666667,0
0,0,1,0,1,0,-1,0,0,0.216666666666667,0,0.462083333333333,0
0,0,1,0,1,0,-1,0,0,0.22,0,0.4615,0
0,0,1,0,1,0,-1,0,0,0.223333333333333,0,0.460916666666667,0
0,0,1,0,1,0,-1,0,0,0.226666666666667,0,0.460333333333333,0
0,0,1,0,1,0,-1,0,0,0.23,0,0.45975,0
0,0,1,0,1,0,-1,0,0,0.233333333333333,0,0.459166666666667,0
0,0,1,0,1,0,-1,0,0,0.236666666666667,0,0.458583333333333,0
0,0,1,0,1,0,-1,0,0,0.24,0,0.458,0
0,0,1,0,1,0,-1,0,0,0.243333333333333,0,0.457416666666667,0
0,0,1,0,1,0,-1,0,0,0.246666666666667,0,0.456833333333333,0
0,0,1,0,1,0,-1,0,0,0.25,0,0.45625,0
0,0,1,0,1,0,-1,0,0,0.253333333333333,0,0.455666666666667,0
0,0,1,0,1,0,-1,0,0,0.256666666666667,0,0.455083333333333,0
0,0,1,0,1,0,-1,0,0,0.26,0,0.4545,0
0,0,1,0,1,0,-1,0,0,0.263333333333333,0,0.453916666666667,0
0,0,1,0,1,0,-1,0,0,0.266666666666667,0,0.453333333333333,0
0,0,1,0,1,0,-1,0,0,0.27,0,0.45275,0
0,0,1,0,1,0,-1,0,0,0.273333333333333,0,0.452166666666667,0
0,0,1,0,1,0,-1,0,0,0.276666666666667,0,0.451583333333333,0
0,0,1,0,1,0,-1,0,0,0.28,0,0.451,0
0,0,1,0,1,0,-1,0,0,0.283333333333333,0,0.450416666666667,0
0,0,1,0,1,0,-1,0,0,0.286666666666667,0,0.449833333333333,0
0,0,1,0,1,0,-1,0,0,0.29,0,0.44925,0
0,0,1,0,1,0,-1,0,0,0.293333333333333,0,0.448666666666667,0
0,0,1,0,1,0,-1,0,0,0.296666666666667,0,0.448083333333333,0
0,0,1,0,1,0,-1,0,0,0.3,0,0.4475,0
0,0,1,0,1,0,-1,0,0,0.303333333333333,0,0.446916666666667,0
0,0,1,0,1,0,-1,0,0,0.306666666666667,0,0.446333333333333,0
0,0,1,0,1,0,-1,0,0,0.31,0,0.44575,0
0,0,1,0,1,0,-1,0,0,0.313333333333333,0,0.445166666666667,0
0,0,1,0,1,0,-1,0,0,0.316666666666667,0,0.444583333333333,0
0,0,1,0,1,0,-1,0,0,0.32,0,0.444,0
0,0,1,0,1,0,-1,0,0,0.323333333333333,0,0.443416666666667,0
0,0,1,0,1,0,-1,0,0,0.326666666666667,0,0.442833333333333,0
0,0,1,0,1,0,-1,0,0,0.33,0,0.44225,0
0,0,1,0,1,0,-1,0,0,0.333333333333333,0,0.441666666666667,0
0,0,1,0,1,0,-1,0,0,0.336666666666667,0,0.441083333333333,0
0,0,1,0,1,0,-1,0,0,0.34,0,0.4405,0
0,0,1,0,1,0,-1,0,0,0.343333333333333,0,0.439916666666667,0
0,0,1,0,1,0,-1,0,0,0.346666666666667,0,0.439333333333333,0
0,0,1,0,1,0,-1,0,0,0.35,0,0.43875,0
0,0,1,0,1,0,-1,0,0,0.353333333333333,0,0.438166666666667,0
0,0,1,0,1,0,-1,0,0,0.356666666666667,0,0.437583333333333,0
0,0,1,0,1,0,-1,0,0,0.36,0,0.437,0
0,0,1,0,1,0,-1,0,0,0.363333333333333,0,0.436416666666667,0
0,0,1,0,1,0,-1,0,0,0.366666666666667,0,0.435833333333333,0
0,0,1,0,1,0,-1,0,0,0.37,0,0.43525,0
0,0,1,0,1,0,-1,0,0,0.373333333333333,0,0.434666666666667,0
0,0,1,0,1,0,-1,0,0,0.376666666666667,0,0.434083333333333,0
0,0,1,0,1,0,-1,0,0,0.38,0,0.4335,0
0,0,1,0,1,0,-1,0,0,0.383333333333333,0,0.432916666666667,0
0,0,1,0,1,0,-1,0,0,0.386666666666667,0,0.432333333333333,0
0,0,1,0,1,0,-1,0,0,0.39,0,0.43175,0
0,0,1,0,1,0,-1,0,0,0.393333333333333,0,0.431166666666667,0
0,0,1,0,1,0,-1,0,0,0.396666666666667,0,0.430583333333333,0
0,0,1,0,1,0,-1,0,0,0.4,0,0.43,0
0,0,1,0,1,0,-1,0,0,0.403333333333333,0,0.429416666666667,0
0,0,1,0,1,0,-1,0,0,0.406666666666667,0,0.428833333333333,0
0,0,1,0,1,0,-1,0,0,0.41,0,0.42825,0
0,0,1,0,1,0,-1,0,0,0.413333333333333,0,0.427666666666667,0
0,0,1,0,1,0,-1,0,0,0.416666666666667,0,0.427083333333333,0
0,0,1,0,1,0,-1,0,0,0.42,0,0.4265,0
0,0,1,0,1,0,-1,0,0,0.423333333333333,0,0.425916666666667,0
0,0,1,0,1,0,-1,0,0,0.426666666666667,0,0.425333333333333,0
0,0,1,0,1,0,-1,0,0,0.43,0,0.42475,0
0,0,1,0,1,0,-1,0,0,0.433333333333333,0,0.424166666666667,0
0,0,1,0,1,0,-1,0,0,0.436666666666667,0,0.423583333333333,0
0,0,1,0,1,0,-1,0,0,0.44,0,0.423,0
0,0,1,0,1,0,-1,0,0,0.443333333333333,0,0.422416666666667,0
0,0,1,0,1,0,-1,0,0,0.446666666666667,0,0.421833333333333,0
0,0,1,0,1,0,-1,0,0,0.45,0,0.42125,0
0,0,1,0,1,0,-1,0,0,0.453333333333333,0,0.420666666666667,0
0,0,1,0,1,0,-1,0,0,0.456666666666667,0,0.420083333333333,0
0,0,1,0,1,0,-1,0,0,0.46,0,0.4195,0
0,0,1,0,1,0,-1,0,0,0.463333333333333,0,0.418916666666667,0
0,0,1,0,1,0,-1,0,0,0.466666666666667,0,0.418333333333333,0
0,0,1,0,1,0,-1,0,0,0.47,0,0.41775,0
0,0,1,0,1,0,-1,0,0,0.473333333333333,0,0.417166666666667,0
0,0,1,0,1,0,-1,0,0,0.476666666666667,0,0.416583333333333,0
0,0,1,0,1,0,-1,0,0,0.48,0,0.416,0
0,0,1,0,1,0,-1,0,0,0.483333333333333,0,0.415416666666667,0
0,0,1,0,1,0,-1,0,0,0.486666666666667,0,0.414833333333333,0
0,0,1,0,1,0,-1,0,0,0.49,0,0.41425,0
0,0,1,0,1,0,-1,0,0,0.493333333333333,0,0.413666666666667,0
0,0,1,0,1,0,-1,0,0,0.496666666666667,0,0.413083333333333,0
0,0,1,0,1,0,-1,0,0,0.5,0,0.4125,0
0,0,1,0,1,0,-1,0,0,0.503333333333333,0,0.411916666666667,0
0,0,1,0,1,0,-1,0,0,0.506666666666667,0,0.411333333333333,0
0,0,1,0,1,0,-1,0,0,0.51,0,0.41075,0
0,0,1,0,1,0,-1,0,0,0.513333333333333,0,0.410166666666667,0
0,0,1,0,1,0,-1,0,0,0.516666666666667,0,0.409583333333333,0
0,0,1,0,1,0,-1,0,0,0.52,0,0.409,0
0,0,1,0,1,0,-1,0,0,0.523333333333333,0,0.408416666666667,0
0,0,1,0,1,0,-1,0,0,0.526666666666667,0,0.407833333333333,0
0,0,1,0,1,0,-1,0,0,0.53,0,0.40725,0
0,0,1,0,1,0,-1,0,0,0.533333333333333,0,0.406666666666667,0
0,0,1,0,1,0,-1,0,0,0.536666666666667,0,0.406083333333333,0
0,0,1,0,1,0,-1,0,0,0.54,0,0.4055,0
0,0,1,0,1,0,-1,0,0,0.543333333333333,0,0.404916666666667,0
0,0,1,0,1,0,-1,0,0,0.546666666666667,0,0.404333333333333,0
0,0,1,0,1,0,-1,0,0,0.55,0,0.40375,0
0,0,1,0,1,0,-1,0,0,0.553333333333333,0,0.403166666666667,0
0,0,1,0,1,0,-1,0,0,0.556666666666667,0,0.402583333333333,0
0,0,1,0,1,0,-1,0,0,0.56,0,0.402,0
0,0,1,0,1,0,-1,0,0,0.563333333333333,0,0.401416666666667,0
0,0,1,0,1,0,-1,0,0,0.566666666666667,0,0.400833333333333,0
0,0,1,0,1,0,-1,0,0,0.57,0,0.40025,0
0,0,1,0,1,0,-1,0,0,0.573333333333333,0,0.399666666666667,0
0,0,1,0,1,0,-1,0,0,0.576666666666667,0,0.399083333333333,0
0,0,1,0,1,0,-1,0,0,0.58,0,0.3985,0
0,0,1,0,1,0,-1,0,0,0.583333333333333,0,0.397916666666667,0
0,0,1,0,1,0,-1,0,0,0.586666666666667,0,0.397333333333333,0
0,0,1,0,1,0,-1,0,0,0.59,0,0.39675,0
0,0,1,0,1,0,-1,0,0,0.593333333333333,0,0.396166666666667,0
0,0,1,0,1,0,-1,0,0,0.596666666666667,0,0.395583333333333,0
0,0,1,0,1,0,-1,0,0,0.6,0,0.395,0
0,0,1,0,1,0,-1,0,0,0.603333333333333,0,0.394416666666667,0
0,0,1,0,1,0,-1,0,0,0.606666666666667,0,0.393833333333333,0
0,0,1,0,1,0,-1,0,0,0.61,0,0.39325,0
0,0,1,0,1,0,-1,0,0,0.613333333333333,0,0.392666666666667,0
0,0,1,0,1,0,-1,0,0,0.616666666666667,0,0.392083333333333,0
0,0,1,0,1,0,-1,0,0,0.62,0,0.3915,0
0,0,1,0,1,0,-1,0,0,0.623333333333333,0,0.390916666666667,0
0,0,1,0,1,0,-1,0,0,0.626666666666667,0,0.390333333333333,0
0,0,1,0,1,0,-1,0,0,0.63,0,0.38975,0
0,0,1,0,1,0,-1,0,0,0.633333333333333,0,0.389166666666667,0
0,0,1,0,1,0,-1,0,0,0.636666666666667,0,0.388583333333333,0
0,0,1,0,1,0,-1,0,0,0.64,0,0.388,0
0,0,1,0,1,0,-1,0,0,0.643333333333333,0,0.387416666666667,0
0,0,1,0,1,0,-1,0,0,0.646666666666667,0,0.386833333333333,0
0,0,1,0,1,0,-1,0,0,0.65,0,0.38625,0
0,0,1,0,1,0,-1,0,0,0.653333333333333,0,0.385666666666667,0
0,0,1,0,1,0,-1,0,0,0.656666666666667,0,0.385083333333333,0
0,0,1,0,1,0,-1,0,0,0.66,0,0.3845,0
0,0,1,0,1,0,-1,0,0,0.663333333333333,0,0.383916666666667,0
0,0,1,0,1,0,-1,0,0,0.666666666666667,0,0.383333333333333,0
0,0,1,0,1,0,-1,0,0,0.67,0,0.38275,0
0,0,1,0,1,0,-1,0,0,0.673333333333333,0,0.382166666666667,0
0,0,1,0,1,0,-1,0,0,0.676666666666667,0,0.381583333333333,0
0,0,1,0,1,0,-1,0,0,0.68,0,0.381,0
0,0,1,0,1,0,-1,0,0,0.683333333333333,0,0.380416666666667,0
0,0,1,0,1,0,-1,0,0,0.686666666666667,0,0.379833333333333,0
0,0,1,0,1,0,-1,0,0,0.69,0,0.37925,0
0,0,1,0,1,0,-1,0,0,0.693333333333333,0,0.378666666666667,0
0,0,1,0,1,0,-1,0,0,0.696666666666667,0,0.378083333333333,0
0,0,1,0,1,0,-1,0,0,0.7,0,0.3775,0
0,0,1,0,1,0,-1,0,0,0.703333333333333,0,0.376916666666667,0
0,0,1,0,1,0,-1,0,0,0.706666666666667,0,0.376333333333333,0
0,0,1,0,1,0,-1,0,0,0.71,0,0.37575,0
0,0,1,0,1,0,-1,0,0,0.713333333333333,0,0.375166666666667,0
0,0,1,0,1,0,-1,0,0,0.716666666666667,0,0.374583333333333,0
0,0,1,0,1,0,-1,0,0,0.72,0,0.374,0
0,0,1,0,1,0,-1,0,0,0.723333333333333,0,0.373416666666667,0
0,0,1,0,1,0,-1,0,0,0.726666666666667,0,0.372833333333333,0
0,0,1,0,1,0,-1,0,0,0.73,0,0.37225,0
0,0,1,0,1,0,-1,0,0,0.733333333333333,0,0.371666666666667,0
0,0,1,0,1,0,-1,0,0,0.736666666666667,0,0.371083333333333,0
0,0,1,0,1,0,-1,0,0,0.74,0,0.3705,0
0,0,1,0,1,0,-1,0,0,0.743333333333333,0,0.369916666666667,0
0,0,1,0,1,0,-1,0,0,0.746666666666667,0,0.369333333333333,0
0,0,1,0,1,0,-1,0,0,0.75,0,0.36875,0
0,0,1,0,1,0,-1,0,0,0.753333333333333,0,0.368166666666667,0
0,0,1,0,1,0,-1,0,0,0.756666666666667,0,0.367583333333333,0
0,0,1,0,1,0,-1,0,0,0.76,0,0.367,0
0,0,1,0,1,0,-1,0,0,0.763333333333333,0,0.366416666666667,0
0,0,1,0,1,0,-1,0,0,0.766666666666667,0,0.365833333333333,0
0,0,1,0,1,0,-1,0,0,0.77,0,0.36525,0
0,0,1,0,1,0,-1,0,0,0.773333333333333,0,0.364666666666667,0
0,0,1,0,1,0,-1,0,0,0.776666666666667,0,0.364083333333333,0
0,0,1,0,1,0,-1,0,0,0.78,0,0.3635,0
0,0,1,0,1,0,-1,0,0,0.783333333333333,0,0.362916666666667,0
0,0,1,0,1,0,-1,0,0,0.786666666666667,0,0.362333333333333,0
0,0,1,0,1,0,-1,0,0,0.79,0,0.36175,0
0,0,1,0,1,0,-1,0,0,0.793333333333333,0,0.361166666666667,0
0,0,1,0,1,0,-1,0,0,0.796666666666667,0,0.360583333333333,0
0,0,1,0,1,0,-1,0,0,0.8,0,0.36,0
0,0,1,0,1,0,-1,0,0,0.803333333333333,0,0.359416666666667,0
0,0,1,0,1,0,-1,0,0,0.806666666666667,0,0.358833333333333,0
0,0,1,0,1,0,-1,0,0,0.81,0,0.35825,0
0,0,1,0,1,0,-1,0,0,0.813333333333333,0,0.357666666666667,0
0,0,1,0,1,0,-1,0,0,0.816666666666667,0,0.357083333333333,0
0,0,1,0,1,0,-1,0,0,0.82,0,0.3565,0
0,0,1,0,1,0,-1,0,0,0.823333333333333,0,0.355916666666667,0
0,0,1,0,1,0,-1,0,0,0.826666666666667,0,0.355333333333333,0
0,0,1,0,1,0,-1,0,0,0.83,0,0.35475,0
0,0,1,0,1,0,-1,0,0,0.833333333333333,0,0.354166666666667,0
0,0,1,0,1,0,-1,0,0,0.836666666666667,0,0.353583333333333,0
0,0,1,0,1,0,-1,0,0,0.84,0,0.353,0
0,0,1,0,1,0,-1,0,0,0.843333333333333,0,0.352416666666667,0
0,0,1,0,1,0,-1,0,0,0.846666666666667,0,0.351833333333333,0
0,0,1,0,1,0,-1,0,0,0.85,0,0.35125,0
0,0,1,0,1,0,-1,0,0,0.853333333333333,0,0.350666666666667,0
0,0,1,0,1,0,-1,0,0,0.856666666666667,0,0.350083333333333,0
0,0,1,0,1,0,-1,0,0,0.86,0,0.3495,0
0,0,1,0,1,0,-1,0,0,0.863333333333333,0,0.348916666666667,0
0,0,1,0,1,0,-1,0,0,0.866666666666667,0,0.348333333333333,0
0,0,1,0,1,0,-1,0,0,0.87,0,0.34775,0
0,0,1,0,1,0,-1,0,0,0.873333333333333,0,0.347166666666667,0
0,0,1,0,1,0,-1,0,0,0.876666666666667,0,0.346583333333333,0
0,0,1,0,1,0,-1,0,0,0.88,0,0.346,0
0,0,1,0,1,0,-1,0,0,0.883333333333333,0,0.345416666666667,0
0,0,1,0,1,0,-1,0,0,0.886666666666667,0,0.344833333333333,0
0,0,1,0,1,0,-1,0,0,0.89,0,0.34425,0
0,0,1,0,1,0,-1,0,0,0.893333333333333,0,0.343666666666667,0
0,0,1,0,1,0,-1,0,0,0.896666666666667,0,0.343083333333333,0
0,0,1,0,1,0,-1,0,0,0.9,0,0.3425,0
0,0,1,0,1,0,-1,0,0,0.903333333333333,0,0.341916666666667,0
0,0,1,0,1,0,-1,0,0,0.906666666666667,0,0.341333333333333,0
0,0,1,0,1,0,-1,0,0,0.91,0,0.34075,0
0,0,1,0,1,0,-1,0,0,0.913333333333333,0,0.340166666666667,0
0,0,1,0,1,0,-1,0,0,0.916666666666667,0,0.339583333333333,0
0,0,1,0,1,0,-1,0,0,0.92,0,0.339,0
0,0,1,0,1,0,-1,0,0,0.923333333333333,0,0.338416666666667,0
0,0,1,0,1,0,-1,0,0,0.926666666666667,0,0.337833333333333,0
0,0,1,0,1,0,-1,0,0,0.93,0,0.33725,0
0,0,1,0,1,0,-1,0,0,0.933333333333333,0,0.336666666666667,0
0,0,1,0,1,0,-1,0,0,0.936666666666667,0,0.336083333333333,0
0,0,1,0,1,0,-1,0,0,0.94,0,0.3355,0
0,0,1,0,1,0,-1,0,0,0.943333333333333,0,0.334916666666667,0
0,0,1,0,1,0,-1,0,0,0.946666666666667,0,0.334333333333333,0
0,0,1,0,1,0,-1,0,0,0.95,0,0.33375,0
0,0,1,0,1,0,-1,0,0,0.953333333333333,0,0.333166666666667,0
0,0,1,0,1,0,-1,0,0,0.956666666666667,0,0.332583333333333,0
0,0,1,0,1,0,-1,0,0,0.96,0,0.332,0
0,0,1,0,1,0,-1,0,0,0.963333333333333,0,0.331416666666667,0
0,0,1,0,1,0,-1,0,0,0.966666666666667,0,0.330833333333333,0
0,0,1,0,1,0,-1,0,0,0.97,0,0.33025,0
0,0,1,0,1,0,-1,0,0,0.973333333333333,0,0.329666666666667,0
0,0,1,0,1,0,-1,0,0,0.976666666666667,0,0.329083333333333,0
0,0,1,0,1,0,-1,0,0,0.98,0,0.3285,0
0,0,1,0,1,0,-1,0,0,0.983333333333333,0,0.327916666666667,0
0,0,1,0,1,0,-1,0,0,0.986666666666667,0,0.327333333333333,0
0,0,1,0,1,0,-1,0,0,0.99,0,0.32675,0
0,0,1,0,1,0,-1,0,0,0.993333333333333,0,0.326166666666667,0
0,0,1,0,1,0,-1,0,0,0.996666666666667,0,0.325583333333333,0
0,0,1,0,1,0,-1,0,0,1,0,0.325,0
0,0,1,0,1,0,-1,0,0,1.0002,0,0.32205,0
0,0,1,0,1,0,-1,0,0,1.0004,0,0.3191,0
0,0,1,0,1,0,-1,0,0,1.0006,0,0.31615,0
0,0,1,0,1,0,-1,0,0,1.0008,0,0.3132,0
0,0,1,0,1,0,-1,0,0,1.001,0,0.31025,0
0,0,1,0,1,0,-1,0,0,1.0012,0,0.3073,0
0,0,1,0,1,0,-1,0,0,1.0014,0,0.30435,0
0,0,1,0,1,0,-1,0,0,1.0016,0,0.3014,0
0,0,1,0,1,0,-1,0,0,1.0018,0,0.29845,0
0,0,1,0,1,0,-1,0,0,1.002,0,0.2955,0
0,0,1,0,1,0,-1,0,0,1.0022,0,0.29255,0
0,0,1,0,1,0,-1,0,0,1.0024,0,0.2896,0
0,0,1,0,1,0,-1,0,0,1.0026,0,0.28665,0
0,0,1,0,1,0,-1,0,0,1.0028,0,0.2837,0
0,0,1,0,1,0,-1,0,0,1.003,0,0.28075,0
0,0,1,0,1,0,-1,0,0,1.0032,0,0.2778,0
0,0,1,0,1,0,-1,0,0,1.0034,0,0.27485,0
0,0,1,0,1,0,-1,0,0,1.0036,0,0.2719,0
0,0,1,0,1,0,-1,0,0,1.0038,0,0.26895,0
0,0,1,0,1,0,-1,0,0,1.004,0,0.266,0
0,0,1,0,1,0,-1,0,0,1.0042,0,0.26305,0
0,0,1,0,1,0,-1,0,0,1.0044,0,0.2601,0
0,0,1,0,1,0,-1,0,0,1.0046,0,0.25715,0
0,0,1,0,1,0,-1,0,0,1.0048,0,0.2542,0
0,0,1,0,1,0,-1,0,0,1.005,0,0.25125,0
0,0,1,0,1,0,-1,0,0,1.0052,0,0.2483,0
0,0,1,0,1,0,-1,0,0,1.0054,0,0.24535,0
0,0,1,0,1,0,-1,0,0,1.0056,0,0.2424,0
0,0,1,0,1,0,-1,0,0,1.0058,0,0.23945,0
0,0,1,0,1,0,-1,0,0,1.006,0,0.2365,0
0,0,1,0,1,0,-1,0,0,1.0062,0,0.23355,0
0,0,1,0,1,0,-1,0,0,1.0064,0,0.2306,0
0,0,1,0,1,0,-1,0,0,1.0066,0,0.22765,0
0,0,1,0,1,0,-1,0,0,1.0068,0,0.2247,0
0,0,1,0,1,0,-1,0,0,1.007,0,0.22175,0
0,0,1,0,1,0,-1,0,0,1.0072,0,0.2188,0
0,0,1,0,1,0,-1,0,0,1.0074,0,0.21585,0
0,0,1,0,1,0,-1,0,0,1.0076,0,0.2129,0
0,0,1,0,1,0,-1,0,0,1.0078,0,0.20995,0
0,0,1,0,1,0,-1,0,0,1.008,0,0.207,0
0,0,1,0,1,0,-1,0,0,1.0082,0,0.20405,0
0,0,1,0,1,0,-1,0,0,1.0084,0,0.2011,0
0,0,1,0,1,0,-1,0,0,1.0086,0,0.19815,0
0,0,1,0,1,0,-1,0,0,1.0088,0,0.1952,0
0,0,1,0,1,0,-1,0,0,1.009,0,0.19225,0
0,0,1,0,1,0,-1,0,0,1.0092,0,0.1893,0
0,0,1,0,1,0,-1,0,0,1.0094,0,0.18635,0
0,0,1,0,1,0,-1,0,0,1.0096,0,0.1834,0
0,0,1,0,1,0,-1,0,0,1.0098,0,0.18045,0
0,0,1,0,1,0,-1,0,0,1.01,0,0.1775,0
0,0,1,0,1,0,-1,0,0,1.0102,0,0.17455,0
0,0,1,0,1,0,-1,0,0,1.0104,0,0.1716,0
0,0,1,0,1,0,-1,0,0,1.0106,0,0.16865,0
0,0,1,0,1,0,-1,0,0,1.0108,0,0.1657,0
0,0,1,0,1,0,-1,0,0,1.011,0,0.16275,0
0,0,1,0,1,0,-1,0,0,1.0112,0,0.1598,0
0,0,1,0,1,0,-1,0,0,1.0114,0,0.15685,0
0,0,1,0,1,0,-1,0,0,1.0116,0,0.1539,0
0,0,1,0,1,0,-1,0,0,1.0118,0,0.15095,0
0,0,1,0,1,0,-1,0,0,1.012,0,0.148,0
0,0,1,0,1,0,-1,0,0,1.0122,0,0.14505,0
0,0,1,0,1,0,-1,0,0,1.0124,0,0.1421,0
0,0,1,0,1,0,-1,0,0,1.0126,0,0.13915,0
0,0,1,0,1,0,-1,0,0,1.0128,0,0.1362,0
0,0,1,0,1,0,-1,0,0,1.013,0,0.13325,0
0,0,1,0,1,0,-1,0,0,1.0132,0,0.1303,0
0,0,1,0,1,0,-1,0,0,1.0134,0,0.12735,0
0,0,1,0,1,0,-1,0,0,1.0136,0,0.1244,0
0,0,1,0,1,0,-1,0,0,1.0138,0,0.12145,0
0,0,1,0,1,0,-1,0,0,1.014,0,0.1185,0
0,0,1,0,1,0,-1,0,0,1.0142,0,0.11555,0
0,0,1,0,1,0,-1,0,0,1.0144,0,0.1126,0
0,0,1,0,1,0,-1,0,0,1.0146,0,0.10965,0
0,0,1,0,1,0,-1,0,0,1.0148,0,0.1067,0
0,0,1,0,1,0,-1,0,0,1.015,0,0.10375,0
0,0,1,0,1,0,-1,0,0,1.0152,0,0.1008,0
0,0,1,0,1,0,-1,0,0,1.0154,0,0.09785,0
0,0,1,0,1,0,-1,0,0,1.0156,0,0.0949,0
0,0,1,0,1,0,-1,0,0,1.0158,0,0.09195,0
0,0,1,0,1,0,-1,0,0,1.016,0,0.089,0
0,0,1,0,1,0,-1,0,0,1.0162,0,0.08605,0
0,0,1,0,1,0,-1,0,0,1.0164,0,0.0831,0
0,0,1,0,1,0,-1,0,0,1.0166,0,0.08015,0
0,0,1,0,1,0,-1,0,0,1.0168,0,0.0772,0
0,0,1,0,1,0,-1,0,0,1.017,0,0.07425,0
0,0,1,0,1,0,-1,0,0,1.0172,0,0.0713,0
0,0,1,0,1,0,-1,0,0,1.0174,0,0.06835,0
0,0,1,0,1,0,-1,0,0,1.0176,0,0.0654,0
0,0,1,0,1,0,-1,0,0,1.0178,0,0.06245,0
0,0,1,0,1,0,-1,0,0,1.018,0,0.0595,0
0,0,1,0,1,0,-1,0,0,1.0182,0,0.05655,0
0,0,1,0,1,0,-1,0,0,1.0184,0,0.0536,0
0,0,1,0,1,0,-1,0,0,1.0186,0,0.05065,0
0,0,1,0,1,0,-1,0,0,1.0188,0,0.0477,0
0,0,1,0,1,0,-1,0,0,1.019,0,0.04475,0
0,0,1,0,1,0,-1,0,0,1.0192,0,0.0418000000000001,0
0,0,1,0,1,0,-1,0,0,1.0194,0,0.0388500000000001,0
0,0,1,0,1,0,-1,0,0,1.0196,0,0.0359,0
0,0,1,0,1,0,-1,0,0,1.0198,0,0.03295,0
0,0,1,0,1,0,-1,0,0,1.02,0,0.03,0
0,0,1,0,1,0,-1,0,0,1.02,0,0.03,1
0,0,1,0,1,0,-1,0,0,1.02,0,0.03,1
0,0,1,0,1,0,-1,0,0,1.02,0,0.03,1
0,0,1,0,1,0,-1,0,0,1.02,0,0.03,1
0,0,1,0,1,0,-1,0,0,1.02,0,0.03,1
0,0,1,0,1,0,-1,0,0,1.02,0,0.03,1
0,0,1,0,1,0,-1,0,0,1.02,0,0.03,1
0,0,1,0,1,0,-1,0,0,1.02,0,0.03,1
0,0,1,0,1,0,-1,0,0,1.02,0,0.03,1
0,0,1,0,1,0,-1,0,0,1.02,0,0.03,1
0,0,1,0,1,0,-1,0,0,1.02,0,0.03,1
0,0,1,0,1,0,-1,0,0,1.02,0,0.03,1
0,0,1,0,1,0,-1,0,0,1.02,0,0.03,1
0,0,1,0,1,0,-1,0,0,1.02,0,0.03,1
0,0,1,0,1,0,-1,0,0,1.02,0,0.03,1
0,0,1,0,1,0,-1,0,0,1.02,0,0.03,1
0,0,1,0,1,0,-1,0,0,1.02,0,0.03,1
0,0,1,0,1,0,-1,0,0,1.02,0,0.03,1
0,0,1,0,1,0,-1,0,0,1.02,0,0.03,1
0,0,1,0,1,0,-1,0,0,1.02,0,0.03,1
0,0,1,0,1,0,-1,0,0,1.02,0,0.03,1
0,0,1,0,1,0,-1,0,0,1.02,0,0.03,1
0,0,1,0,1,0,-1,0,0,1.02,0,0.03,1
0,0,1,0,1,0,-1,0,0,1.02,0,0.03,1
0,0,1,0,1,0,-1,0,0,1.02,0,0.03,1
0,0,1,0,1,0,-1,0,0,1.02,0,0.03,1
0,0,1,0,1,0,-1,0,0,1.02,0,0.03,1
0,0,1,0,1,0,-1,0,0,1.02,0,0.03,1
0,0,1,0,1,0,-1,0,0,1.02,0,0.03,1
0,0,1,0,1,0,-1,0,0,1.02,0,0.03,1
0,0,1,0,1,0,-1,0,0,1.02,0,0.03,1
0,0,1,0,1,0,-1,0,0,1.02,0,0.03,1
0,0,1,0,1,0,-1,0,0,1.02,0,0.03,1
0,0,1,0,1,0,-1,0,0,1.02,0,0.03,1
0,0,1,0,1,0,-1,0,0,1.02,0,0.03,1
0,0,1,0,1,0,-1,0,0,1.02,0,0.03,1
0,0,1,0,1,0,-1,0,0,1.02,0,0.03,1
0,0,1,0,1,0,-1,0,0,1.02,0,0.03,1
0,0,1,0,1,0,-1,0,0,1.02,0,0.03,1
0,0,1,0,1,0,-1,0,0,1.02,0,0.03,1
0,0,1,0,1,0,-1,0,0,1.02,0,0.03,1
0,0,1,0,1,0,-1,0,0,1.02,0,0.03,1
0,0,1,0,1,0,-1,0,0,1.02,0,0.03,1
0,0,1,0,1,0,-1,0,0,1.02,0,0.03,1
0,0,1,0,1,0,-1,0,0,1.02,0,0.03,1
0,0,1,0,1,0,-1,0,0,1.02,0,0.03,1
0,0,1,0,1,0,-1,0,0,1.02,0,0.03,1
0,0,1,0,1,0,-1,0,0,1.02,0,0.03,1
0,0,1,0,1,0,-1,0,0,1.02,0,0.03,1
0,0,1,0,1,0,-1,0,0,1.02,0,0.03,1
0,0,1,0,1,0,-1,0,0,1.02,0,0.03,1
0,0,1,0,1,0,-1,0,0,1.02,0,0.03,1
0,0,1,0,1,0,-1,0,0,1.02,0,0.03,1
0,0,1,0,1,0,-1,0,0,1.02,0,0.03,1
0,0,1,0,1,0,-1,0,0,1.02,0,0.03,1
0,0,1,0,1,0,-1,0,0,1.02,0,0.03,1
0,0,1,0,1,0,-1,0,0,1.02,0,0.03,1
0,0,1,0,1,0,-1,0,0,1.02,0,0.03,1
0,0,1,0,1,0,-1,0,0,1.02,0,0.03,1
0,0,1,0,1,0,-1,0,0,1.02,0,0.03,1
0,0,1,0,1,0,-1,0,0,1.02,0,0.03,1
0,0,1,0,1,0,-1,0,0,1.02,0,0.03,1
0,0,1,0,1,0,-1,0,0,1.02,0,0.03,1
0,0,1,0,1,0,-1,0,0,1.02,0,0.03,1
0,0,1,0,1,0,-1,0,0,1.02,0,0.03,1
0,0,1,0,1,0,-1,0,0,1.02,0,0.03,1
0,0,1,0,1,0,-1,0,0,1.02,0,0.03,1
0,0,1,0,1,0,-1,0,0,1.02,0,0.03,1
0,0,1,0,1,0,-1,0,0,1.02,0,0.03,1
0,0,1,0,1,0,-1,0,0,1.02,0,0.03,1
0,0,1,0,1,0,-1,0,0,1.02,0,0.03,1
0,0,1,0,1,0,-1,0,0,1.02,0,0.03,1
0,0,1,0,1,0,-1,0,0,1.02,0,0.03,1
0,0,1,0,1,0,-1,0,0,1.02,0,0.03,1
0,0,1,0,1,0,-1,0,0,1.02,0,0.03,1
0,0,1,0,1,0,-1,0,0,1.02,0,0.03,1
0,0,1,0,1,0,-1,0,0,1.02,0,0.03,1
0,0,1,0,1,0,-1,0,0,1.02,0,0.03,1
0,0,1,0,1,0,-1,0,0,1.02,0,0.03,1
0,0,1,0,1,0,-1,0,0,1.02,0,0.03,1
0,0,1,0,1,0,-1,0,0,1.02,0,0.03,1
0,0,1,0,1,0,-1,0,0,1.02,0,0.03,1
0,0,1,0,1,0,-1,0,0,1.02,0,0.03,1
0,0,1,0,1,0,-1,0,0,1.02,0,0.03,1
0,0,1,0,1,0,-1,0,0,1.02,0,0.03,1
0,0,1,0,1,0,-1,0,0,1.02,0,0.03,1
0,0,1,0,1,0,-1,0,0,1.02,0,0.03,1
0,0,1,0,1,0,-1,0,0,1.02,0,0.03,1
0,0,1,0,1,0,-1,0,0,1.02,0,0.03,1
0,0,1,0,1,0,-1,0,0,1.02,0,0.03,1
0,0,1,0,1,0,-1,0,0,1.02,0,0.03,1
0,0,1,0,1,0,-1,0,0,1.02,0,0.03,1
0,0,1,0,1,0,-1,0,0,1.02,0,0.03,1
0,0,1,0,1,0,-1,0,0,1.02,0,0.03,1
0,0,1,0,1,0,-1,0,0,1.02,0,0.03,1
0,0,1,0,1,0,-1,0,0,1.02,0,0.03,1
0,0,1,0,1,0,-1,0,0,1.02,0,0.03,1
0,0,1,0,1,0,-1,0,0,1.02,0,0.03,1
0,0,1,0,1,0,-1,0,0,1.02,0,0.03,1
0,0,1,0,1,0,-1,0,0,1.02,0,0.03,1
0,0,1,0,1,0,-1,0,0,1.0198,0,0.03295,1
0,0,1,0,1,0,-1,0,0,1.0196,0,0.0359,1
0,0,1,0,1,0,-1,0,0,1.0194,0,0.03885,1
0,0,1,0,1,0,-1,0,0,1.0192,0,0.0418,1
0,0,1,0,1,0,-1,0,0,1.019,0,0.04475,1
0,0,1,0,1,0,-1,0,0,1.0188,0,0.0477,1
0,0,1,0,1,0,-1,0,0,1.0186,0,0.05065,1
0,0,1,0,1,0,-1,0,0,1.0184,0,0.0536,1
0,0,1,0,1,0,-1,0,0,1.0182,0,0.05655,1
0,0,1,0,1,0,-1,0,0,1.018,0,0.0595,1
0,0,1,0,1,0,-1,0,0,1.0178,0,0.06245,1
0,0,1,0,1,0,-1,0,0,1.0176,0,0.0654,1
0,0,1,0,1,0,-1,0,0,1.0174,0,0.06835,1
0,0,1,0,1,0,-1,0,0,1.0172,0,0.0713,1
0,0,1,0,1,0,-1,0,0,1.017,0,0.07425,1
0,0,1,0,1,0,-1,0,0,1.0168,0,0.0772,1
0,0,1,0,1,0,-1,0,0,1.0166,0,0.08015,1
0,0,1,0,1,0,-1,0,0,1.0164,0,0.0831,1
0,0,1,0,1,0,-1,0,0,1.0162,0,0.08605,1
0,0,1,0,1,0,-1,0,0,1.016,0,0.089,1
0,0,1,0,1,0,-1,0,0,1.0158,0,0.09195,1
0,0,1,0,1,0,-1,0,0,1.0156,0,0.0949,1
0,0,1,0,1,0,-1,0,0,1.0154,0,0.09785,1
0,0,1,0,1,0,-1,0,0,1.0152,0,0.1008,1
0,0,1,0,1,0,-1,0,0,1.015,0,0.10375,1
0,0,1,0,1,0,-1,0,0,1.0148,0,0.1067,1
0,0,1,0,1,0,-1,0,0,1.0146,0,0.10965,1
0,0,1,0,1,0,-1,0,0,1.0144,0,0.1126,1
0,0,1,0,1,0,-1,0,0,1.0142,0,0.11555,1
0,0,1,0,1,0,-1,0,0,1.014,0,0.1185,1
0,0,1,0,1,0,-1,0,0,1.0138,0,0.12145,1
0,0,1,0,1,0,-1,0,0,1.0136,0,0.1244,1
0,0,1,0,1,0,-1,0,0,1.0134,0,0.12735,1
0,0,1,0,1,0,-1,0,0,1.0132,0,0.1303,1
0,0,1,0,1,0,-1,0,0,1.013,0,0.13325,1
0,0,1,0,1,0,-1,0,0,1.0128,0,0.1362,1
0,0,1,0,1,0,-1,0,0,1.0126,0,0.13915,1
0,0,1,0,1,0,-1,0,0,1.0124,0,0.1421,1
0,0,1,0,1,0,-1,0,0,1.0122,0,0.14505,1
0,0,1,0,1,0,-1,0,0,1.012,0,0.148,1
0,0,1,0,1,0,-1,0,0,1.0118,0,0.15095,1
0,0,1,0,1,0,-1,0,0,1.0116,0,0.1539,1
0,0,1,0,1,0,-1,0,0,1.0114,0,0.15685,1
0,0,1,0,1,0,-1,0,0,1.0112,0,0.1598,1
0,0,1,0,1,0,-1,0,0,1.011,0,0.16275,1
0,0,1,0,1,0,-1,0,0,1.0108,0,0.1657,1
0,0,1,0,1,0,-1,0,0,1.0106,0,0.16865,1
0,0,1,0,1,0,-1,0,0,1.0104,0,0.1716,1
0,0,1,0,1,0,-1,0,0,1.0102,0,0.17455,1
0,0,1,0,1,0,-1,0,0,1.01,0,0.1775,1
0,0,1,0,1,0,-1,0,0,1.0098,0,0.18045,1
0,0,1,0,1,0,-1,0,0,1.0096,0,0.1834,1
0,0,1,0,1,0,-1,0,0,1.0094,0,0.18635,1
0,0,1,0,1,0,-1,0,0,1.0092,0,0.1893,1
0,0,1,0,1,0,-1,0,0,1.009,0,0.19225,1
0,0,1,0,1,0,-1,0,0,1.0088,0,0.1952,1
0,0,1,0,1,0,-1,0,0,1.0086,0,0.19815,1
0,0,1,0,1,0,-1,0,0,1.0084,0,0.2011,1
0,0,1,0,1,0,-1,0,0,1.0082,0,0.20405,1
0,0,1,0,1,0,-1,0,0,1.008,0,0.207,1
0,0,1,0,1,0,-1,0,0,1.0078,0,0.20995,1
0,0,1,0,1,0,-1,0,0,1.0076,0,0.2129,1
0,0,1,0,1,0,-1,0,0,1.0074,0,0.21585,1
0,0,1,0,1,0,-1,0,0,1.0072,0,0.2188,1
0,0,1,0,1,0,-1,0,0,1.007,0,0.22175,1
0,0,1,0,1,0,-1,0,0,1.0068,0,0.2247,1
0,0,1,0,1,0,-1,0,0,1.0066,0,0.22765,1
0,0,1,0,1,0,-1,0,0,1.0064,0,0.2306,1
0,0,1,0,1,0,-1,0,0,1.0062,0,0.23355,1
0,0,1,0,1,0,-1,0,0,1.006,0,0.2365,1
0,0,1,0,1,0,-1,0,0,1.0058,0,0.23945,1
0,0,1,0,1,0,-1,0,0,1.0056,0,0.2424,1
0,0,1,0,1,0,-1,0,0,1.0054,0,0.24535,1
0,0,1,0,1,0,-1,0,0,1.0052,0,0.2483,1
0,0,1,0,1,0,-1,0,0,1.005,0,0.25125,1
0,0,1,0,1,0,-1,0,0,1.0048,0,0.2542,1
0,0,1,0,1,0,-1,0,0,1.0046,0,0.25715,1
0,0,1,0,1,0,-1,0,0,1.0044,0,0.2601,1
0,0,1,0,1,0,-1,0,0,1.0042,0,0.26305,1
0,0,1,0,1,0,-1,0,0,1.004,0,0.266,1
0,0,1,0,1,0,-1,0,0,1.0038,0,0.26895,1
0,0,1,0,1,0,-1,0,0,1.0036,0,0.2719,1
0,0,1,0,1,0,-1,0,0,1.0034,0,0.27485,1
0,0,1,0,1,0,-1,0,0,1.0032,0,0.2778,1
0,0,1,0,1,0,-1,0,0,1.003,0,0.28075,1
0,0,1,0,1,0,-1,0,0,1.0028,0,0.2837,1
0,0,1,0,1,0,-1,0,0,1.0026,0,0.28665,1
0,0,1,0,1,0,-1,0,0,1.0024,0,0.2896,1
0,0,1,0,1,0,-1,0,0,1.0022,0,0.29255,1
0,0,1,0,1,0,-1,0,0,1.002,0,0.2955,1
0,0,1,0,1,0,-1,0,0,1.0018,0,0.29845,1
0,0,1,0,1,0,-1,0,0,1.0016,0,0.3014,1
0,0,1,0,1,0,-1,0,0,1.0014,0,0.30435,1
0,0,1,0,1,0,-1,0,0,1.0012,0,0.3073,1
0,0,1,0,1,0,-1,0,0,1.001,0,0.31025,1
0,0,1,0,1,0,-1,0,0,1.0008,0,0.3132,1
0,0,1,0,1,0,-1,0,0,1.0006,0,0.31615,1
0,0,1,0,1,0,-1,0,0,1.0004,0,0.3191,1
0,0,1,0,1,0,-1,0,0,1.0002,0,0.32205,1
0,0,1,0,1,0,-1,0,0,1,0,0.325,1
0,0.00523596383141958,0.999986292247427,0,0.999986292247427,-0.00523596383141958,-1,0,0,0.999986292247427,-0.00523596383141958,0.325,1
0,0.0104717841162458,0.999945169365512,0,0.999945169365512,-0.0104717841162458,-1,0,0,0.999945169365512,-0.0104717841162458,0.325,1
0,0.0157073173118207,0.999876632481661,0,0.999876632481661,-0.0157073173118207,-1,0,0,0.999876632481661,-0.0157073173118207,0.325,1
0,0.020942419883357,0.999780683474845,0,0.999780683474845,-0.020942419883357,-1,0,0,0.999780683474845,-0.020942419883357,0.325,1
0,0.0261769483078731,0.999657324975557,0,0.999657324975557,-0.0261769483078731,-1,0,0,0.999657324975557,-0.0261769483078732,0.325,1
0,0.0314107590781283,0.999506560365732,0,0.999506560365732,-0.0314107590781283,-1,0,0,0.999506560365732,-0.0314107590781283,0.325,1
0,0.0366437087065563,0.999328393778656,0,0.999328393778656,-0.0366437087065563,-1,0,0,0.999328393778656,-0.0366437087065563,0.325,1
0,0.0418756537291996,0.999122830098858,0,0.999122830098858,-0.0418756537291996,-1,0,0,0.999122830098858,-0.0418756537291997,0.325,1
0,0.0471064507096427,0.99888987496197,0,0.99888987496197,-0.0471064507096427,-1,0,0,0.99888987496197,-0.0471064507096427,0.325,1
0,0.0523359562429438,0.998629534754574,0,0.998629534754574,-0.0523359562429438,-1,0,0,0.998629534754574,-0.0523359562429439,0.325,1
0,0.0575640269595673,0.998341816614028,0,0.998341816614028,-0.0575640269595673,-1,0,0,0.998341816614028,-0.0575640269595673,0.325,1
0,0.0627905195293134,0.998026728428272,0,0.998026728428272,-0.0627905195293134,-1,0,0,0.998026728428272,-0.0627905195293134,0.325,1
0,0.0680152906652482,0.997684278835605,0,0.997684278835605,-0.0680152906652482,-1,0,0,0.997684278835605,-0.0680152906652482,0.325,1
0,0.0732381971276317,0.997314477224458,0,0.997314477224458,-0.0732381971276317,-1,0,0,0.997314477224458,-0.0732381971276317,0.325,1
0,0.0784590957278449,0.996917333733128,0,0.996917333733128,-0.0784590957278449,-1,0,0,0.996917333733128,-0.078459095727845,0.325,1
0,0.0836778433323155,0.996492859249504,0,0.996492859249504,-0.0836778433323155,-1,0,0,0.996492859249504,-0.0836778433323156,0.325,1
0,0.0888942968664415,0.99604106541077,0,0.99604106541077,-0.0888942968664415,-1,0,0,0.99604106541077,-0.0888942968664415,0.325,1
0,0.0941083133185143,0.99556196460308,0,0.99556196460308,-0.0941083133185143,-1,0,0,0.99556196460308,-0.0941083133185144,0.325,1
0,0.099319749743639,0.995055569961226,0,0.995055569961226,-0.099319749743639,-1,0,0,0.995055569961226,-0.0993197497436391,0.325,1
0,0.104528463267653,0.994521895368273,0,0.994521895368273,-0.104528463267653,-1,0,0,0.994521895368273,-0.104528463267654,0.325,1
0,0.109734311091045,0.99396095545518,0,0.99396095545518,-0.109734311091045,-1,0,0,0.99396095545518,-0.109734311091045,0.325,1
0,0.114937150492867,0.993372765600396,0,0.993372765600396,-0.114937150492867,-1,0,0,0.993372765600396,-0.114937150492867,0.325,1
0,0.120136838834647,0.992757341929446,0,0.992757341929446,-0.120136838834647,-1,0,0,0.992757341929446,-0.120136838834647,0.325,1
0,0.125333233564304,0.992114701314478,0,0.992114701314478,-0.125333233564304,-1,0,0,0.992114701314478,-0.125333233564304,0.325,1
0,0.130526192220052,0.99144486137381,0,0.99144486137381,-0.130526192220052,-1,0,0,0.99144486137381,-0.130526192220052,0.325,1
0,0.135715572434304,0.990747840471444,0,0.990747840471444,-0.135715572434304,-1,0,0,0.990747840471444,-0.135715572434304,0.325,1
0,0.140901231937583,0.990023657716558,0,0.990023657716558,-0.140901231937583,-1,0,0,0.990023657716558,-0.140901231937583,0.325,1
0,0.146083028562412,0.989272332962988,0,0.989272332962988,-0.146083028562412,-1,0,0,0.989272332962988,-0.146083028562412,0.325,1
0,0.151260820247219,0.988493886808684,0,0.988493886808684,-0.151260820247219,-1,0,0,0.988493886808684,-0.151260820247219,0.325,1
0,0.156434465040231,0.987688340595138,0,0.987688340595138,-0.156434465040231,-1,0,0,0.987688340595138,-0.156434465040231,0.325,1
0,0.161603821103361,0.986855716406807,0,0.986855716406807,-0.161603821103361,-1,0,0,0.986855716406807,-0.161603821103361,0.325,1
0,0.166768746716102,0.985996037070505,0,0.985996037070505,-0.166768746716102,-1,0,0,0.985996037070505,-0.166768746716102,0.325,1
0,0.17192910027941,0.985109326154774,0,0.985109326154774,-0.17192910027941,-1,0,0,0.985109326154774,-0.17192910027941,0.325,1
0,0.177084740319583,0.984195607969242,0,0.984195607969242,-0.177084740319583,-1,0,0,0.984195607969242,-0.177084740319583,0.325,1
0,0.182235525492147,0.983254907563955,0,0.983254907563955,-0.182235525492147,-1,0,0,0.983254907563955,-0.182235525492148,0.325,1
0,0.187381314585725,0.982287250728689,0,0.982287250728689,-0.187381314585725,-1,0,0,0.982287250728689,-0.187381314585725,0.325,1
0,0.192521966525907,0.981292663992245,0,0.981292663992245,-0.192521966525907,-1,0,0,0.981292663992245,-0.192521966525908,0.325,1
0,0.197657340379126,0.980271174621722,0,0.980271174621722,-0.197657340379126,-1,0,0,0.980271174621722,-0.197657340379126,0.325,1
0,0.202787295356512,0.979222810621766,0,0.979222810621766,-0.202787295356512,-1,0,0,0.979222810621766,-0.202787295356513,0.325,1
0,0.207911690817759,0.978147600733806,0,0.978147600733806,-0.207911690817759,-1,0,0,0.978147600733806,-0.207911690817759,0.325,1
0,0.213030386274977,0.977045574435264,0,0.977045574435264,-0.213030386274977,-1,0,0,0.977045574435264,-0.213030386274977,0.325,1
0,0.218143241396543,0.975916761938747,0,0.975916761938747,-0.218143241396543,-1,0,0,0.975916761938747,-0.218143241396543,0.325,1
0,0.223250116010951,0.974761194191222,0,0.974761194191222,-0.223250116010951,-1,0,0,0.974761194191222,-0.223250116010951,0.325,1
0,0.228350870110656,0.97357890287316,0,0.97357890287316,-0.228350870110656,-1,0,0,0.97357890287316,-0.228350870110656,0.325,1
0,0.233445363855905,0.972369920397677,0,0.972369920397677,-0.233445363855905,-1,0,0,0.972369920397677,-0.233445363855906,0.325,1
0,0.238533457578581,0.971134279909636,0,0.971134279909636,-0.238533457578581,-1,0,0,0.971134279909636,-0.238533457578581,0.325,1
0,0.243615011786023,0.969872015284747,0,0.969872015284747,-0.243615011786023,-1,0,0,0.969872015284747,-0.243615011786023,0.325,1
0,0.248689887164855,0.968583161128631,0,0.968583161128631,-0.248689887164855,-1,0,0,0.968583161128631,-0.248689887164855,0.325,1
0,0.253757944584806,0.967267752775877,0,0.967267752775877,-0.253757944584806,-1,0,0,0.967267752775877,-0.253757944584806,0.325,1
0,0.258819045102521,0.965925826289068,0,0.965925826289068,-0.258819045102521,-1,0,0,0.965925826289068,-0.258819045102521,0.325,1
0,0.263873049965373,0.964557418457798,0,0.964557418457798,-0.263873049965373,-1,0,0,0.964557418457798,-0.263873049965373,0.325,1
0,0.268919820615266,0.963162566797658,0,0.963162566797658,-0.268919820615266,-1,0,0,0.963162566797658,-0.268919820615266,0.325,1
0,0.273959218692432,0.961741309549211,0,0.961741309549211,-0.273959218692432,-1,0,0,0.961741309549211,-0.273959218692433,0.325,1
0,0.278991106039229,0.960293685676943,0,0.960293685676943,-0.278991106039229,-1,0,0,0.960293685676943,-0.278991106039229,0.325,1
0,0.284015344703923,0.958819734868193,0,0.958819734868193,-0.284015344703923,-1,0,0,0.958819734868193,-0.284015344703923,0.325,1
0,0.289031796944472,0.957319497532067,0,0.957319497532067,-0.289031796944472,-1,0,0,0.957319497532067,-0.289031796944472,0.325,1
0,0.294040325232304,0.95579301479833,0,0.95579301479833,-0.294040325232304,-1,0,0,0.95579301479833,-0.294040325232304,0.325,1
0,0.299040792256087,0.954240328516277,0,0.954240328516277,-0.299040792256087,-1,0,0,0.954240328516277,-0.299040792256087,0.325,1
0,0.30403306092549,0.952661481253586,0,0.952661481253586,-0.30403306092549,-1,0,0,0.952661481253586,-0.30403306092549,0.325,1
0,0.309016994374947,0.951056516295154,0,0.951056516295154,-0.309016994374947,-1,0,0,0.951056516295154,-0.309016994374948,0.325,1
0,0.313992455967405,0.949425477641904,0,0.949425477641904,-0.313992455967405,-1,0,0,0.949425477641904,-0.313992455967405,0.325,1
0,0.31895930929807,0.947768410009586,0,0.947768410009586,-0.31895930929807,-1,0,0,0.947768410009586,-0.31895930929807,0.325,1
0,0.323917418198149,0.946085358827545,0,0.946085358827545,-0.323917418198149,-1,0,0,0.946085358827545,-0.32391741819815,0.325,1
0,0.328866646738583,0.944376370237481,0,0.944376370237481,-0.328866646738583,-1,0,0,0.944376370237481,-0.328866646738583,0.325,1
0,0.333806859233771,0.942641491092178,0,0.942641491092178,-0.333806859233771,-1,0,0,0.942641491092178,-0.333806859233771,0.325,1
0,0.338737920245291,0.940880768954225,0,0.940880768954225,-0.338737920245291,-1,0,0,0.940880768954225,-0.338737920245292,0.325,1
0,0.343659694585616,0.939094252094709,0,0.939094252094709,-0.343659694585616,-1,0,0,0.939094252094709,-0.343659694585616,0.325,1
0,0.348572047321815,0.937281989491892,0,0.937281989491892,-0.348572047321815,-1,0,0,0.937281989491892,-0.348572047321815,0.325,1
0,0.353474843779257,0.935444030829867,0,0.935444030829867,-0.353474843779257,-1,0,0,0.935444030829867,-0.353474843779257,0.325,1
0,0.3583679495453,0.933580426497202,0,0.933580426497202,-0.3583679495453,-1,0,0,0.933580426497202,-0.3583679495453,0.325,1
0,0.363251230472978,0.931691227585549,0,0.931691227585549,-0.363251230472978,-1,0,0,0.931691227585549,-0.363251230472979,0.325,1
0,0.368124552684678,0.929776485888251,0,0.929776485888251,-0.368124552684678,-1,0,0,0.929776485888251,-0.368124552684678,0.325,1
0,0.372987782575809,0.92783625389892,0,0.92783625389892,-0.372987782575809,-1,0,0,0.92783625389892,-0.372987782575809,0.325,1
0,0.377840786818467,0.925870584809995,0,0.925870584809995,-0.377840786818467,-1,0,0,0.925870584809995,-0.377840786818467,0.325,1
0,0.38268343236509,0.923879532511287,0,0.923879532511287,-0.38268343236509,-1,0,0,0.923879532511287,-0.38268343236509,0.325,1
0,0.387515586452103,0.921863151588501,0,0.921863151588501,-0.387515586452103,-1,0,0,0.921863151588501,-0.387515586452103,0.325,1
0,0.392337116603561,0.919821497321738,0,0.919821497321738,-0.392337116603561,-1,0,0,0.919821497321738,-0.392337116603562,0.325,1
0,0.397147890634781,0.917754625683981,0,0.917754625683981,-0.397147890634781,-1,0,0,0.917754625683981,-0.397147890634781,0.325,1
0,0.40194777665596,0.915662593339561,0,0.915662593339561,-0.40194777665596,-1,0,0,0.915662593339561,-0.40194777665596,0.325,1
0,0.4067366430758,0.913545457642601,0,0.913545457642601,-0.4067366430758,-1,0,0,0.913545457642601,-0.4067366430758,0.325,1
0,0.411514358605109,0.911403276635445,0,0.911403276635445,-0.411514358605109,-1,0,0,0.911403276635445,-0.411514358605109,0.325,1
0,0.416280792260401,0.909236109047069,0,0.909236109047069,-0.416280792260401,-1,0,0,0.909236109047069,-0.416280792260401,0.325,1
0,0.421035813367491,0.907044014291465,0,0.907044014291465,-0.421035813367491,-1,0,0,0.907044014291465,-0.421035813367491,0.325,1
0,0.425779291565073,0.904827052466019,0,0.904827052466019,-0.425779291565073,-1,0,0,0.90482705246602,-0.425779291565073,0.325,1
0,0.430511096808295,0.902585284349861,0,0.902585284349861,-0.430511096808295,-1,0,0,0.902585284349861,-0.430511096808295,0.325,1
0,0.435231099372328,0.900318771402194,0,0.900318771402194,-0.435231099372328,-1,0,0,0.900318771402194,-0.435231099372328,0.325,1
0,0.439939169855915,0.898027575760616,0,0.898027575760616,-0.439939169855915,-1,0,0,0.898027575760616,-0.439939169855915,0.325,1
0,0.444635179184927,0.895711760239413,0,0.895711760239413,-0.444635179184927,-1,0,0,0.895711760239413,-0.444635179184928,0.325,1
0,0.449318998615897,0.893371388327838,0,0.893371388327838,-0.449318998615897,-1,0,0,0.893371388327838,-0.449318998615897,0.325,1
0,0.453990499739547,0.891006524188368,0,0.891006524188368,-0.453990499739547,-1,0,0,0.891006524188368,-0.453990499739547,0.325,1
0,0.458649554484315,0.888617232654949,0,0.888617232654949,-0.458649554484315,-1,0,0,0.888617232654949,-0.458649554484315,0.325,1
0,0.463296035119862,0.886203579231215,0,0.886203579231215,-0.463296035119862,-1,0,0,0.886203579231215,-0.463296035119862,0.325,1
0,0.467929814260573,0.883765630088693,0,0.883765630088693,-0.467929814260573,-1,0,0,0.883765630088693,-0.467929814260574,0.325,1
0,0.472550764869054,0.881303452064992,0,0.881303452064992,-0.472550764869054,-1,0,0,0.881303452064992,-0.472550764869054,0.325,1
0,0.477158760259608,0.878817112661965,0,0.878817112661965,-0.477158760259608,-1,0,0,0.878817112661965,-0.477158760259609,0.325,1
0,0.481753674101715,0.876306680043864,0,0.876306680043864,-0.481753674101715,-1,0,0,0.876306680043864,-0.481753674101715,0.325,1
0,0.48633538042349,0.873772223035465,0,0.873772223035465,-0.48633538042349,-1,0,0,0.873772223035465,-0.486335380423491,0.325,1
0,0.490903753615141,0.871213811120189,0,0.871213811120189,-0.490903753615141,-1,0,0,0.871213811120189,-0.490903753615141,0.325,1
0,0.495458668432408,0.868631514438191,0,0.868631514438191,-0.495458668432408,-1,0,0,0.868631514438191,-0.495458668432408,0.325,1
0,0.5,0.866025403784439,0,0.866025403784439,-0.5,-1,0,0,0.866025403784439,-0.5,0.325,1
0,0.504527623815019,0.863395550606772,0,0.863395550606772,-0.504527623815019,-1,0,0,0.863395550606772,-0.504527623815019,0.325,1
0,0.509041415750371,0.860742027003944,0,0.860742027003944,-0.509041415750371,-1,0,0,0.860742027003944,-0.509041415750372,0.325,1
0,0.51354125205817,0.858064905723645,0,0.858064905723645,-0.51354125205817,-1,0,0,0.858064905723645,-0.51354125205817,0.325,1
0,0.51802700937313,0.855364260160507,0,0.855364260160507,-0.51802700937313,-1,0,0,0.855364260160507,-0.518027009373131,0.325,1
0,0.522498564715949,0.852640164354092,0,0.852640164354092,-0.522498564715949,-1,0,0,0.852640164354092,-0.522498564715949,0.325,1
0,0.526955795496678,0.849892692986864,0,0.849892692986864,-0.526955795496678,-1,0,0,0.849892692986864,-0.526955795496678,0.325,1
0,0.531398579518083,0.847121921382137,0,0.847121921382137,-0.531398579518083,-1,0,0,0.847121921382137,-0.531398579518083,0.325,1
0,0.535826794978997,0.844327925502015,0,0.844327925502015,-0.535826794978997,-1,0,0,0.844327925502015,-0.535826794978997,0.325,1
0,0.540240320477655,0.841510781945306,0,0.841510781945306,-0.540240320477655,-1,0,0,0.841510781945306,-0.540240320477655,0.325,1
0,0.544639035015027,0.838670567945424,0,0.838670567945424,-0.544639035015027,-1,0,0,0.838670567945424,-0.544639035015027,0.325,1
0,0.549022817998132,0.83580736136827,0,0.83580736136827,-0.549022817998132,-1,0,0,0.83580736136827,-0.549022817998132,0.325,1
0,0.553391549243344,0.832921240710099,0,0.832921240710099,-0.553391549243344,-1,0,0,0.832921240710099,-0.553391549243345,0.325,1
0,0.55774510897969,0.830012285095368,0,0.830012285095368,-0.55774510897969,-1,0,0,0.830012285095368,-0.55774510897969,0.325,1
0,0.562083377852131,0.827080574274562,0,0.827080574274562,-0.562083377852131,-1,0,0,0.827080574274562,-0.562083377852131,0.325,1
0,0.566406236924833,0.824126188622016,0,0.824126188622016,-0.566406236924833,-1,0,0,0.824126188622016,-0.566406236924833,0.325,1
0,0.570713567684432,0.821149209133704,0,0.821149209133704,-0.570713567684432,-1,0,0,0.821149209133704,-0.570713567684432,0.325,1
0,0.575005252043279,0.818149717425023,0,0.818149717425023,-0.575005252043279,-1,0,0,0.818149717425023,-0.575005252043279,0.325,1
0,0.579281172342679,0.815127795728554,0,0.815127795728554,-0.579281172342679,-1,0,0,0.815127795728554,-0.579281172342679,0.325,1
0,0.583541211356117,0.812083526891806,0,0.812083526891806,-0.583541211356117,-1,0,0,0.812083526891806,-0.583541211356118,0.325,1
0,0.587785252292473,0.809016994374947,0,0.809016994374947,-0.587785252292473,-1,0,0,0.809016994374947,-0.587785252292474,0.325,1
0,0.59201317879922,0.805928282248516,0,0.805928282248516,-0.59201317879922,-1,0,0,0.805928282248516,-0.59201317879922,0.325,1
0,0.596224874965616,0.802817475191115,0,0.802817475191115,-0.596224874965616,-1,0,0,0.802817475191115,-0.596224874965616,0.325,1
0,0.600420225325884,0.799684658487091,0,0.799684658487091,-0.600420225325884,-1,0,0,0.799684658487091,-0.600420225325884,0.325,1
0,0.604599114862375,0.796529918024196,0,0.796529918024196,-0.604599114862375,-1,0,0,0.796529918024196,-0.604599114862375,0.325,1
0,0.608761429008721,0.793353340291235,0,0.793353340291235,-0.608761429008721,-1,0,0,0.793353340291235,-0.608761429008721,0.325,1
0,0.612907053652976,0.79015501237569,0,0.79015501237569,-0.612907053652976,-1,0,0,0.79015501237569,-0.612907053652977,0.325,1
0,0.617035875140749,0.786935021961337,0,0.786935021961337,-0.617035875140749,-1,0,0,0.786935021961337,-0.617035875140749,0.325,1
0,0.62114778027831,0.78369345732584,0,0.78369345732584,-0.62114778027831,-1,0,0,0.78369345732584,-0.621147780278311,0.325,1
0,0.625242656335705,0.78043040733833,0,0.78043040733833,-0.625242656335705,-1,0,0,0.78043040733833,-0.625242656335705,0.325,1
0,0.629320391049838,0.777145961456971,0,0.777145961456971,-0.629320391049838,-1,0,0,0.777145961456971,-0.629320391049838,0.325,1
0,0.63338087262755,0.773840209726506,0,0.773840209726506,-0.63338087262755,-1,0,0,0.773840209726506,-0.63338087262755,0.325,1
0,0.63742398974869,0.770513242775789,0,0.770513242775789,-0.63742398974869,-1,0,0,0.770513242775789,-0.63742398974869,0.325,1
0,0.641449631569158,0.7671651518153,0,0.7671651518153,-0.641449631569158,-1,0,0,0.7671651518153,-0.641449631569158,0.325,1
0,0.645457687723951,0.763796028634642,0,0.763796028634642,-0.645457687723951,-1,0,0,0.763796028634642,-0.645457687723951,0.325,1
0,0.649448048330184,0.760405965600031,0,0.760405965600031,-0.649448048330184,-1,0,0,0.760405965600031,-0.649448048330184,0.325,1
0,0.653420603990105,0.756995055651756,0,0.756995055651756,-0.653420603990105,-1,0,0,0.756995055651756,-0.653420603990106,0.325,1
0,0.657375245794096,0.753563392301638,0,0.753563392301638,-0.657375245794096,-1,0,0,0.753563392301638,-0.657375245794096,0.325,1
0,0.661311865323652,0.750111069630459,0,0.750111069630459,-0.661311865323652,-1,0,0,0.75011106963046,-0.661311865323652,0.325,1
0,0.665230354654361,0.746638182285391,0,0.746638182285391,-0.665230354654361,-1,0,0,0.746638182285391,-0.665230354654361,0.325,1
0,0.669130606358858,0.743144825477394,0,0.743144825477394,-0.669130606358858,-1,0,0,0.743144825477394,-0.669130606358859,0.325,1
0,0.673012513509773,0.73963109497861,0,0.73963109497861,-0.673012513509773,-1,0,0,0.73963109497861,-0.673012513509774,0.325,1
0,0.676875969682661,0.736097087119734,0,0.736097087119734,-0.676875969682661,-1,0,0,0.736097087119735,-0.676875969682661,0.325,1
0,0.680720868958918,0.732542898787379,0,0.732542898787379,-0.680720868958918,-1,0,0,0.732542898787379,-0.680720868958918,0.325,1
0,0.684547105928689,0.728968627421412,0,0.728968627421412,-0.684547105928689,-1,0,0,0.728968627421412,-0.684547105928689,0.325,1
0,0.688354575693754,0.725374371012288,0,0.725374371012288,-0.688354575693754,-1,0,0,0.725374371012288,-0.688354575693754,0.325,1
0,0.692143173870407,0.721760228098362,0,0.721760228098362,-0.692143173870407,-1,0,0,0.721760228098362,-0.692143173870407,0.325,1
0,0.695912796592314,0.718126297763189,0,0.718126297763189,-0.695912796592314,-1,0,0,0.718126297763189,-0.695912796592315,0.325,1
0,0.699663340513365,0.714472679632803,0,0.714472679632803,-0.699663340513365,-1,0,0,0.714472679632803,-0.699663340513366,0.325,1
0,0.703394702810504,0.710799473872992,0,0.710799473872992,-0.703394702810504,-1,0,0,0.710799473872992,-0.703394702810504,0.325,1
0,0.707106781186547,0.707106781186548,0,0.707106781186548,-0.707106781186547,-1,0,0,0.707106781186547,-0.707106781186548,0.325,1
0,0.710799473872992,0.703394702810504,0,0.703394702810504,-0.710799473872992,-1,0,0,0.703394702810504,-0.710799473872993,0.325,1
0,0.714472679632803,0.699663340513365,0,0.699663340513365,-0.714472679632803,-1,0,0,0.699663340513365,-0.714472679632804,0.325,1
0,0.718126297763189,0.695912796592314,0,0.695912796592314,-0.718126297763189,-1,0,0,0.695912796592314,-0.718126297763189,0.325,1
0,0.721760228098362,0.692143173870407,0,0.692143173870407,-0.721760228098362,-1,0,0,0.692143173870407,-0.721760228098363,0.325,1
0,0.725374371012288,0.688354575693754,0,0.688354575693754,-0.725374371012288,-1,0,0,0.688354575693754,-0.725374371012288,0.325,1
0,0.728968627421412,0.684547105928689,0,0.684547105928689,-0.728968627421412,-1,0,0,0.684547105928689,-0.728968627421412,0.325,1
0,0.732542898787379,0.680720868958918,0,0.680720868958918,-0.732542898787379,-1,0,0,0.680720868958918,-0.732542898787379,0.325,1
0,0.736097087119734,0.676875969682661,0,0.676875969682661,-0.736097087119734,-1,0,0,0.676875969682661,-0.736097087119735,0.325,1
0,0.73963109497861,0.673012513509773,0,0.673012513509773,-0.73963109497861,-1,0,0,0.673012513509773,-0.73963109497861,0.325,1
0,0.743144825477394,0.669130606358858,0,0.669130606358858,-0.743144825477394,-1,0,0,0.669130606358858,-0.743144825477395,0.325,1
0,0.746638182285391,0.665230354654361,0,0.665230354654361,-0.746638182285391,-1,0,0,0.665230354654361,-0.746638182285392,0.325,1
0,0.75011106963046,0.661311865323652,0,0.661311865323652,-0.75011106963046,-1,0,0,0.661311865323652,-0.75011106963046,0.325,1
0,0.753563392301638,0.657375245794096,0,0.657375245794096,-0.753563392301638,-1,0,0,0.657375245794096,-0.753563392301638,0.325,1
0,0.756995055651756,0.653420603990105,0,0.653420603990105,-0.756995055651756,-1,0,0,0.653420603990105,-0.756995055651757,0.325,1
0,0.760405965600031,0.649448048330184,0,0.649448048330184,-0.760405965600031,-1,0,0,0.649448048330184,-0.760405965600031,0.325,1
0,0.763796028634642,0.645457687723951,0,0.645457687723951,-0.763796028634642,-1,0,0,0.64545768772395,-0.763796028634643,0.325,1
0,0.7671651518153,0.641449631569158,0,0.641449631569158,-0.7671651518153,-1,0,0,0.641449631569158,-0.7671651518153,0.325,1
0,0.770513242775789,0.63742398974869,0,0.63742398974869,-0.770513242775789,-1,0,0,0.63742398974869,-0.77051324277579,0.325,1
0,0.773840209726506,0.63338087262755,0,0.63338087262755,-0.773840209726506,-1,0,0,0.63338087262755,-0.773840209726507,0.325,1
0,0.777145961456971,0.629320391049838,0,0.629320391049838,-0.777145961456971,-1,0,0,0.629320391049838,-0.777145961456971,0.325,1
0,0.78043040733833,0.625242656335705,0,0.625242656335705,-0.78043040733833,-1,0,0,0.625242656335705,-0.78043040733833,0.325,1
0,0.78369345732584,0.62114778027831,0,0.62114778027831,-0.78369345732584,-1,0,0,0.62114778027831,-0.78369345732584,0.325,1
0,0.786935021961337,0.617035875140749,0,0.617035875140749,-0.786935021961337,-1,0,0,0.617035875140749,-0.786935021961338,0.325,1
0,0.79015501237569,0.612907053652977,0,0.612907053652977,-0.79015501237569,-1,0,0,0.612907053652976,-0.790155012375691,0.325,1
0,0.793353340291235,0.608761429008721,0,0.608761429008721,-0.793353340291235,-1,0,0,0.60876142900872,-0.793353340291236,0.325,1
0,0.796529918024196,0.604599114862375,0,0.604599114862375,-0.796529918024196,-1,0,0,0.604599114862375,-0.796529918024197,0.325,1
0,0.79968465848709,0.600420225325884,0,0.600420225325884,-0.79968465848709,-1,0,0,0.600420225325884,-0.799684658487091,0.325,1
0,0.802817475191115,0.596224874965616,0,0.596224874965616,-0.802817475191115,-1,0,0,0.596224874965616,-0.802817475191115,0.325,1
0,0.805928282248516,0.59201317879922,0,0.59201317879922,-0.805928282248516,-1,0,0,0.592013178799219,-0.805928282248516,0.325,1
0,0.809016994374947,0.587785252292473,0,0.587785252292473,-0.809016994374947,-1,0,0,0.587785252292473,-0.809016994374948,0.325,1
0,0.812083526891806,0.583541211356117,0,0.583541211356117,-0.812083526891806,-1,0,0,0.583541211356117,-0.812083526891807,0.325,1
0,0.815127795728554,0.579281172342679,0,0.579281172342679,-0.815127795728554,-1,0,0,0.579281172342679,-0.815127795728555,0.325,1
0,0.818149717425023,0.575005252043279,0,0.575005252043279,-0.818149717425023,-1,0,0,0.575005252043278,-0.818149717425024,0.325,1
0,0.821149209133704,0.570713567684432,0,0.570713567684432,-0.821149209133704,-1,0,0,0.570713567684431,-0.821149209133704,0.325,1
0,0.824126188622016,0.566406236924833,0,0.566406236924833,-0.824126188622016,-1,0,0,0.566406236924833,-0.824126188622016,0.325,1
0,0.827080574274562,0.562083377852131,0,0.562083377852131,-0.827080574274562,-1,0,0,0.562083377852131,-0.827080574274562,0.325,1
0,0.830012285095367,0.55774510897969,0,0.55774510897969,-0.830012285095367,-1,0,0,0.55774510897969,-0.830012285095368,0.325,1
0,0.8329212407101,0.553391549243344,0,0.553391549243344,-0.8329212407101,-1,0,0,0.553391549243344,-0.8329212407101,0.325,1
0,0.83580736136827,0.549022817998132,0,0.549022817998132,-0.83580736136827,-1,0,0,0.549022817998132,-0.835807361368271,0.325,1
0,0.838670567945424,0.544639035015027,0,0.544639035015027,-0.838670567945424,-1,0,0,0.544639035015027,-0.838670567945424,0.325,1
0,0.841510781945306,0.540240320477655,0,0.540240320477655,-0.841510781945306,-1,0,0,0.540240320477655,-0.841510781945307,0.325,1
0,0.844327925502015,0.535826794978997,0,0.535826794978997,-0.844327925502015,-1,0,0,0.535826794978996,-0.844327925502016,0.325,1
0,0.847121921382137,0.531398579518083,0,0.531398579518083,-0.847121921382137,-1,0,0,0.531398579518083,-0.847121921382138,0.325,1
0,0.849892692986864,0.526955795496678,0,0.526955795496678,-0.849892692986864,-1,0,0,0.526955795496677,-0.849892692986864,0.325,1
0,0.852640164354092,0.522498564715949,0,0.522498564715949,-0.852640164354092,-1,0,0,0.522498564715949,-0.852640164354093,0.325,1
0,0.855364260160507,0.51802700937313,0,0.51802700937313,-0.855364260160507,-1,0,0,0.51802700937313,-0.855364260160507,0.325,1
0,0.858064905723645,0.51354125205817,0,0.51354125205817,-0.858064905723645,-1,0,0,0.51354125205817,-0.858064905723645,0.325,1
0,0.860742027003944,0.509041415750371,0,0.509041415750371,-0.860742027003944,-1,0,0,0.509041415750371,-0.860742027003944,0.325,1
0,0.863395550606772,0.504527623815019,0,0.504527623815019,-0.863395550606772,-1,0,0,0.504527623815019,-0.863395550606772,0.325,1
0,0.866025403784439,0.5,0,0.5,-0.866025403784439,-1,0,0,0.5,-0.866025403784439,0.325,1
0,0.868631514438191,0.495458668432408,0,0.495458668432408,-0.868631514438191,-1,0,0,0.495458668432407,-0.868631514438192,0.325,1
0,0.871213811120189,0.490903753615141,0,0.490903753615141,-0.871213811120189,-1,0,0,0.490903753615141,-0.87121381112019,0.325,1
0,0.873772223035465,0.486335380423491,0,0.486335380423491,-0.873772223035465,-1,0,0,0.48633538042349,-0.873772223035466,0.325,1
0,0.876306680043864,0.481753674101715,0,0.481753674101715,-0.876306680043864,-1,0,0,0.481753674101715,-0.876306680043864,0.325,1
0,0.878817112661965,0.477158760259608,0,0.477158760259608,-0.878817112661965,-1,0,0,0.477158760259608,-0.878817112661966,0.325,1
0,0.881303452064992,0.472550764869054,0,0.472550764869054,-0.881303452064992,-1,0,0,0.472550764869054,-0.881303452064993,0.325,1
0,0.883765630088693,0.467929814260574,0,0.467929814260574,-0.883765630088693,-1,0,0,0.467929814260573,-0.883765630088694,0.325,1
0,0.886203579231215,0.463296035119862,0,0.463296035119862,-0.886203579231215,-1,0,0,0.463296035119862,-0.886203579231215,0.325,1
0,0.888617232654949,0.458649554484315,0,0.458649554484315,-0.888617232654949,-1,0,0,0.458649554484315,-0.888617232654949,0.325,1
0,0.891006524188368,0.453990499739547,0,0.453990499739547,-0.891006524188368,-1,0,0,0.453990499739547,-0.891006524188368,0.325,1
0,0.893371388327838,0.449318998615897,0,0.449318998615897,-0.893371388327838,-1,0,0,0.449318998615896,-0.893371388327838,0.325,1
0,0.895711760239413,0.444635179184928,0,0.444635179184928,-0.895711760239413,-1,0,0,0.444635179184927,-0.895711760239414,0.325,1
0,0.898027575760616,0.439939169855915,0,0.439939169855915,-0.898027575760616,-1,0,0,0.439939169855915,-0.898027575760616,0.325,1
0,0.900318771402194,0.435231099372328,0,0.435231099372328,-0.900318771402194,-1,0,0,0.435231099372327,-0.900318771402194,0.325,1
0,0.902585284349861,0.430511096808295,0,0.430511096808295,-0.902585284349861,-1,0,0,0.430511096808295,-0.902585284349861,0.325,1
0,0.90482705246602,0.425779291565073,0,0.425779291565073,-0.90482705246602,-1,0,0,0.425779291565073,-0.90482705246602,0.325,1
0,0.907044014291465,0.421035813367491,0,0.421035813367491,-0.907044014291465,-1,0,0,0.421035813367491,-0.907044014291466,0.325,1
0,0.909236109047069,0.416280792260401,0,0.416280792260401,-0.909236109047069,-1,0,0,0.416280792260401,-0.909236109047069,0.325,1
0,0.911403276635445,0.411514358605109,0,0.411514358605109,-0.911403276635445,-1,0,0,0.411514358605109,-0.911403276635446,0.325,1
0,0.913545457642601,0.4067366430758,0,0.4067366430758,-0.913545457642601,-1,0,0,0.4067366430758,-0.913545457642602,0.325,1
0,0.915662593339561,0.40194777665596,0,0.40194777665596,-0.915662593339561,-1,0,0,0.40194777665596,-0.915662593339562,0.325,1
0,0.917754625683981,0.397147890634781,0,0.397147890634781,-0.917754625683981,-1,0,0,0.397147890634781,-0.917754625683982,0.325,1
0,0.919821497321738,0.392337116603562,0,0.392337116603562,-0.919821497321738,-1,0,0,0.392337116603561,-0.919821497321738,0.325,1
0,0.921863151588501,0.387515586452103,0,0.387515586452103,-0.921863151588501,-1,0,0,0.387515586452103,-0.921863151588501,0.325,1
0,0.923879532511287,0.38268343236509,0,0.38268343236509,-0.923879532511287,-1,0,0,0.38268343236509,-0.923879532511288,0.325,1
0,0.925870584809995,0.377840786818467,0,0.377840786818467,-0.925870584809995,-1,0,0,0.377840786818467,-0.925870584809996,0.325,1
0,0.92783625389892,0.372987782575809,0,0.372987782575809,-0.92783625389892,-1,0,0,0.372987782575809,-0.92783625389892,0.325,1
0,0.929776485888251,0.368124552684678,0,0.368124552684678,-0.929776485888251,-1,0,0,0.368124552684678,-0.929776485888252,0.325,1
0,0.931691227585549,0.363251230472978,0,0.363251230472978,-0.931691227585549,-1,0,0,0.363251230472978,-0.93169122758555,0.325,1
0,0.933580426497202,0.3583679495453,0,0.3583679495453,-0.933580426497202,-1,0,0,0.3583679495453,-0.933580426497202,0.325,1
0,0.935444030829867,0.353474843779257,0,0.353474843779257,-0.935444030829867,-1,0,0,0.353474843779257,-0.935444030829868,0.325,1
0,0.937281989491891,0.348572047321815,0,0.348572047321815,-0.937281989491891,-1,0,0,0.348572047321815,-0.937281989491892,0.325,1
0,0.939094252094709,0.343659694585616,0,0.343659694585616,-0.939094252094709,-1,0,0,0.343659694585616,-0.93909425209471,0.325,1
0,0.940880768954225,0.338737920245291,0,0.338737920245291,-0.940880768954225,-1,0,0,0.338737920245291,-0.940880768954226,0.325,1
0,0.942641491092178,0.333806859233771,0,0.333806859233771,-0.942641491092178,-1,0,0,0.333806859233771,-0.942641491092179,0.325,1
0,0.944376370237481,0.328866646738583,0,0.328866646738583,-0.944376370237481,-1,0,0,0.328866646738583,-0.944376370237482,0.325,1
0,0.946085358827545,0.323917418198149,0,0.323917418198149,-0.946085358827545,-1,0,0,0.323917418198149,-0.946085358827546,0.325,1
0,0.947768410009586,0.31895930929807,0,0.31895930929807,-0.947768410009586,-1,0,0,0.31895930929807,-0.947768410009586,0.325,1
0,0.949425477641904,0.313992455967405,0,0.313992455967405,-0.949425477641904,-1,0,0,0.313992455967405,-0.949425477641904,0.325,1
0,0.951056516295154,0.309016994374947,0,0.309016994374947,-0.951056516295154,-1,0,0,0.309016994374947,-0.951056516295154,0.325,1
0,0.952661481253586,0.30403306092549,0,0.30403306092549,-0.952661481253586,-1,0,0,0.30403306092549,-0.952661481253587,0.325,1
0,0.954240328516277,0.299040792256087,0,0.299040792256087,-0.954240328516277,-1,0,0,0.299040792256087,-0.954240328516277,0.325,1
0,0.95579301479833,0.294040325232304,0,0.294040325232304,-0.95579301479833,-1,0,0,0.294040325232304,-0.955793014798331,0.325,1
0,0.957319497532067,0.289031796944472,0,0.289031796944472,-0.957319497532067,-1,0,0,0.289031796944472,-0.957319497532068,0.325,1
0,0.958819734868193,0.284015344703923,0,0.284015344703923,-0.958819734868193,-1,0,0,0.284015344703923,-0.958819734868193,0.325,1
0,0.960293685676943,0.278991106039229,0,0.278991106039229,-0.960293685676943,-1,0,0,0.278991106039229,-0.960293685676944,0.325,1
0,0.961741309549211,0.273959218692433,0,0.273959218692433,-0.961741309549211,-1,0,0,0.273959218692432,-0.961741309549212,0.325,1
0,0.963162566797658,0.268919820615266,0,0.268919820615266,-0.963162566797658,-1,0,0,0.268919820615266,-0.963162566797659,0.325,1
0,0.964557418457798,0.263873049965373,0,0.263873049965373,-0.964557418457798,-1,0,0,0.263873049965373,-0.964557418457799,0.325,1
0,0.965925826289068,0.258819045102521,0,0.258819045102521,-0.965925826289068,-1,0,0,0.25881904510252,-0.965925826289069,0.325,1
0,0.967267752775877,0.253757944584806,0,0.253757944584806,-0.967267752775877,-1,0,0,0.253757944584805,-0.967267752775878,0.325,1
0,0.968583161128631,0.248689887164855,0,0.248689887164855,-0.968583161128631,-1,0,0,0.248689887164855,-0.968583161128632,0.325,1
0,0.969872015284747,0.243615011786023,0,0.243615011786023,-0.969872015284747,-1,0,0,0.243615011786023,-0.969872015284748,0.325,1
0,0.971134279909636,0.238533457578581,0,0.238533457578581,-0.971134279909636,-1,0,0,0.23853345757858,-0.971134279909637,0.325,1
0,0.972369920397677,0.233445363855905,0,0.233445363855905,-0.972369920397677,-1,0,0,0.233445363855905,-0.972369920397677,0.325,1
0,0.97357890287316,0.228350870110656,0,0.228350870110656,-0.97357890287316,-1,0,0,0.228350870110656,-0.973578902873161,0.325,1
0,0.974761194191222,0.223250116010951,0,0.223250116010951,-0.974761194191222,-1,0,0,0.223250116010951,-0.974761194191222,0.325,1
0,0.975916761938747,0.218143241396543,0,0.218143241396543,-0.975916761938747,-1,0,0,0.218143241396542,-0.975916761938748,0.325,1
0,0.977045574435264,0.213030386274977,0,0.213030386274977,-0.977045574435264,-1,0,0,0.213030386274976,-0.977045574435264,0.325,1
0,0.978147600733806,0.207911690817759,0,0.207911690817759,-0.978147600733806,-1,0,0,0.207911690817759,-0.978147600733806,0.325,1
0,0.979222810621766,0.202787295356512,0,0.202787295356512,-0.979222810621766,-1,0,0,0.202787295356512,-0.979222810621767,0.325,1
0,0.980271174621722,0.197657340379126,0,0.197657340379126,-0.980271174621722,-1,0,0,0.197657340379126,-0.980271174621723,0.325,1
0,0.981292663992245,0.192521966525907,0,0.192521966525907,-0.981292663992245,-1,0,0,0.192521966525907,-0.981292663992246,0.325,1
0,0.982287250728689,0.187381314585725,0,0.187381314585725,-0.982287250728689,-1,0,0,0.187381314585724,-0.982287250728689,0.325,1
0,0.983254907563955,0.182235525492148,0,0.182235525492148,-0.983254907563955,-1,0,0,0.182235525492147,-0.983254907563955,0.325,1
0,0.984195607969242,0.177084740319583,0,0.177084740319583,-0.984195607969242,-1,0,0,0.177084740319583,-0.984195607969243,0.325,1
0,0.985109326154774,0.17192910027941,0,0.17192910027941,-0.985109326154774,-1,0,0,0.171929100279409,-0.985109326154774,0.325,1
0,0.985996037070505,0.166768746716102,0,0.166768746716102,-0.985996037070505,-1,0,0,0.166768746716102,-0.985996037070506,0.325,1
0,0.986855716406807,0.161603821103361,0,0.161603821103361,-0.986855716406807,-1,0,0,0.161603821103361,-0.986855716406808,0.325,1
0,0.987688340595138,0.156434465040231,0,0.156434465040231,-0.987688340595138,-1,0,0,0.156434465040231,-0.987688340595138,0.325,1
0,0.988493886808684,0.151260820247219,0,0.151260820247219,-0.988493886808684,-1,0,0,0.151260820247219,-0.988493886808684,0.325,1
0,0.989272332962988,0.146083028562412,0,0.146083028562412,-0.989272332962988,-1,0,0,0.146083028562412,-0.989272332962989,0.325,1
0,0.990023657716557,0.140901231937583,0,0.140901231937583,-0.990023657716557,-1,0,0,0.140901231937583,-0.990023657716558,0.325,1
0,0.990747840471444,0.135715572434304,0,0.135715572434304,-0.990747840471444,-1,0,0,0.135715572434304,-0.990747840471444,0.325,1
0,0.99144486137381,0.130526192220052,0,0.130526192220052,-0.99144486137381,-1,0,0,0.130526192220051,-0.991444861373811,0.325,1
0,0.992114701314478,0.125333233564304,0,0.125333233564304,-0.992114701314478,-1,0,0,0.125333233564304,-0.992114701314478,0.325,1
0,0.992757341929446,0.120136838834647,0,0.120136838834647,-0.992757341929446,-1,0,0,0.120136838834647,-0.992757341929446,0.325,1
0,0.993372765600397,0.114937150492867,0,0.114937150492867,-0.993372765600397,-1,0,0,0.114937150492866,-0.993372765600397,0.325,1
0,0.99396095545518,0.109734311091045,0,0.109734311091045,-0.99396095545518,-1,0,0,0.109734311091045,-0.99396095545518,0.325,1
0,0.994521895368273,0.104528463267653,0,0.104528463267653,-0.994521895368273,-1,0,0,0.104528463267653,-0.994521895368274,0.325,1
0,0.995055569961226,0.0993197497436391,0,0.0993197497436391,-0.995055569961226,-1,0,0,0.0993197497436388,-0.995055569961227,0.325,1
0,0.99556196460308,0.0941083133185145,0,0.0941083133185145,-0.99556196460308,-1,0,0,0.0941083133185142,-0.995561964603081,0.325,1
0,0.996041065410769,0.0888942968664416,0,0.0888942968664416,-0.996041065410769,-1,0,0,0.0888942968664416,-0.99604106541077,0.325,1
0,0.996492859249504,0.0836778433323157,0,0.0836778433323157,-0.996492859249504,-1,0,0,0.0836778433323151,-0.996492859249505,0.325,1
0,0.996917333733128,0.078459095727845,0,0.078459095727845,-0.996917333733128,-1,0,0,0.0784590957278449,-0.996917333733129,0.325,1
0,0.997314477224458,0.0732381971276316,0,0.0732381971276316,-0.997314477224458,-1,0,0,0.0732381971276314,-0.997314477224459,0.325,1
0,0.997684278835605,0.0680152906652482,0,0.0680152906652482,-0.997684278835605,-1,0,0,0.0680152906652476,-0.997684278835606,0.325,1
0,0.998026728428272,0.0627905195293135,0,0.0627905195293135,-0.998026728428272,-1,0,0,0.0627905195293131,-0.998026728428273,0.325,1
0,0.998341816614028,0.0575640269595673,0,0.0575640269595673,-0.998341816614028,-1,0,0,0.0575640269595666,-0.998341816614029,0.325,1
0,0.998629534754574,0.052335956242944,0,0.052335956242944,-0.998629534754574,-1,0,0,0.0523359562429432,-0.998629534754575,0.325,1
0,0.99888987496197,0.0471064507096427,0,0.0471064507096427,-0.99888987496197,-1,0,0,0.0471064507096424,-0.99888987496197,0.325,1
0,0.999122830098858,0.0418756537291995,0,0.0418756537291995,-0.999122830098858,-1,0,0,0.0418756537291987,-0.999122830098859,0.325,1
0,0.999328393778656,0.0366437087065563,0,0.0366437087065563,-0.999328393778656,-1,0,0,0.0366437087065558,-0.999328393778657,0.325,1
0,0.999506560365732,0.0314107590781284,0,0.0314107590781284,-0.999506560365732,-1,0,0,0.0314107590781283,-0.999506560365733,0.325,1
0,0.999657324975557,0.0261769483078734,0,0.0261769483078734,-0.999657324975557,-1,0,0,0.0261769483078729,-0.999657324975558,0.325,1
0,0.999780683474845,0.0209424198833571,0,0.0209424198833571,-0.999780683474845,-1,0,0,0.0209424198833564,-0.999780683474846,0.325,1
0,0.999876632481661,0.0157073173118206,0,0.0157073173118206,-0.999876632481661,-1,0,0,0.0157073173118205,-0.999876632481661,0.325,1
0,0.999945169365512,0.0104717841162459,0,0.0104717841162459,-0.999945169365512,-1,0,0,0.0104717841162456,-0.999945169365513,0.325,1
0,0.999986292247427,0.00523596383141954,0,0.00523596383141954,-0.999986292247427,-1,0,0,0.00523596383141933,-0.999986292247427,0.325,1
0,1,6.12323399573677e-17,0,6.12323399573677e-17,-1,-1,0,0,-4.44089209850063e-16,-1,0.325,1
0,1,0,0,0,-1,-1,0,0,0,-1.0002,0.322,1
0,1,0,0,0,-1,-1,0,0,0,-1.0004,0.319,1
0,1,0,0,0,-1,-1,0,0,0,-1.0006,0.316,1
0,1,0,0,0,-1,-1,0,0,0,-1.0008,0.313,1
0,1,0,0,0,-1,-1,0,0,0,-1.001,0.31,1
0,1,0,0,0,-1,-1,0,0,0,-1.0012,0.307,1
0,1,0,0,0,-1,-1,0,0,0,-1.0014,0.304,1
0,1,0,0,0,-1,-1,0,0,0,-1.0016,0.301,1
0,1,0,0,0,-1,-1,0,0,0,-1.0018,0.298,1
0,1,0,0,0,-1,-1,0,0,0,-1.002,0.295,1
0,1,0,0,0,-1,-1,0,0,0,-1.0022,0.292,1
0,1,0,0,0,-1,-1,0,0,0,-1.0024,0.289,1
0,1,0,0,0,-1,-1,0,0,0,-1.0026,0.286,1
0,1,0,0,0,-1,-1,0,0,0,-1.0028,0.283,1
0,1,0,0,0,-1,-1,0,0,0,-1.003,0.28,1
0,1,0,0,0,-1,-1,0,0,0,-1.0032,0.277,1
0,1,0,0,0,-1,-1,0,0,0,-1.0034,0.274,1
0,1,0,0,0,-1,-1,0,0,0,-1.0036,0.271,1
0,1,0,0,0,-1,-1,0,0,0,-1.0038,0.268,1
0,1,0,0,0,-1,-1,0,0,0,-1.004,0.265,1
0,1,0,0,0,-1,-1,0,0,0,-1.0042,0.262,1
0,1,0,0,0,-1,-1,0,0,0,-1.0044,0.259,1
0,1,0,0,0,-1,-1,0,0,0,-1.0046,0.256,1
0,1,0,0,0,-1,-1,0,0,0,-1.0048,0.253,1
0,1,0,0,0,-1,-1,0,0,0,-1.005,0.25,1
0,1,0,0,0,-1,-1,0,0,0,-1.0052,0.247,1
0,1,0,0,0,-1,-1,0,0,0,-1.0054,0.244,1
0,1,0,0,0,-1,-1,0,0,0,-1.0056,0.241,1
0,1,0,0,0,-1,-1,0,0,0,-1.0058,0.238,1
0,1,0,0,0,-1,-1,0,0,0,-1.006,0.235,1
0,1,0,0,0,-1,-1,0,0,0,-1.0062,0.232,1
0,1,0,0,0,-1,-1,0,0,0,-1.0064,0.229,1
0,1,0,0,0,-1,-1,0,0,0,-1.0066,0.226,1
0,1,0,0,0,-1,-1,0,0,0,-1.0068,0.223,1
0,1,0,0,0,-1,-1,0,0,0,-1.007,0.22,1
0,1,0,0,0,-1,-1,0,0,0,-1.0072,0.217,1
0,1,0,0,0,-1,-1,0,0,0,-1.0074,0.214,1
0,1,0,0,0,-1,-1,0,0,0,-1.0076,0.211,1
0,1,0,0,0,-1,-1,0,0,0,-1.0078,0.208,1
0,1,0,0,0,-1,-1,0,0,0,-1.008,0.205,1
0,1,0,0,0,-1,-1,0,0,0,-1.0082,0.202,1
0,1,0,0,0,-1,-1,0,0,0,-1.0084,0.199,1
0,1,0,0,0,-1,-1,0,0,0,-1.0086,0.196,1
0,1,0,0,0,-1,-1,0,0,0,-1.0088,0.193,1
0,1,0,0,0,-1,-1,0,0,0,-1.009,0.19,1
0,1,0,0,0,-1,-1,0,0,0,-1.0092,0.187,1
0,1,0,0,0,-1,-1,0,0,0,-1.0094,0.184,1
0,1,0,0,0,-1,-1,0,0,0,-1.0096,0.181,1
0,1,0,0,0,-1,-1,0,0,0,-1.0098,0.178,1
0,1,0,0,0,-1,-1,0,0,0,-1.01,0.175,1
0,1,0,0,0,-1,-1,0,0,0,-1.0102,0.172,1
0,1,0,0,0,-1,-1,0,0,0,-1.0104,0.169,1
0,1,0,0,0,-1,-1,0,0,0,-1.0106,0.166,1
0,1,0,0,0,-1,-1,0,0,0,-1.0108,0.163,1
0,1,0,0,0,-1,-1,0,0,0,-1.011,0.16,1
0,1,0,0,0,-1,-1,0,0,0,-1.0112,0.157,1
0,1,0,0,0,-1,-1,0,0,0,-1.0114,0.154,1
0,1,0,0,0,-1,-1,0,0,0,-1.0116,0.151,1
0,1,0,0,0,-1,-1,0,0,0,-1.0118,0.148,1
0,1,0,0,0,-1,-1,0,0,0,-1.012,0.145,1
0,1,0,0,0,-1,-1,0,0,0,-1.0122,0.142,1
0,1,0,0,0,-1,-1,0,0,0,-1.0124,0.139,1
0,1,0,0,0,-1,-1,0,0,0,-1.0126,0.136,1
0,1,0,0,0,-1,-1,0,0,0,-1.0128,0.133,1
0,1,0,0,0,-1,-1,0,0,0,-1.013,0.13,1
0,1,0,0,0,-1,-1,0,0,0,-1.0132,0.127,1
0,1,0,0,0,-1,-1,0,0,0,-1.0134,0.124,1
0,1,0,0,0,-1,-1,0,0,0,-1.0136,0.121,1
0,1,0,0,0,-1,-1,0,0,0,-1.0138,0.118,1
0,1,0,0,0,-1,-1,0,0,0,-1.014,0.115,1
0,1,0,0,0,-1,-1,0,0,0,-1.0142,0.112,1
0,1,0,0,0,-1,-1,0,0,0,-1.0144,0.109,1
0,1,0,0,0,-1,-1,0,0,0,-1.0146,0.106,1
0,1,0,0,0,-1,-1,0,0,0,-1.0148,0.103,1
0,1,0,0,0,-1,-1,0,0,0,-1.015,0.1,1
0,1,0,0,0,-1,-1,0,0,0,-1.0152,0.097,1
0,1,0,0,0,-1,-1,0,0,0,-1.0154,0.094,1
0,1,0,0,0,-1,-1,0,0,0,-1.0156,0.091,1
0,1,0,0,0,-1,-1,0,0,0,-1.0158,0.088,1
0,1,0,0,0,-1,-1,0,0,0,-1.016,0.085,1
0,1,0,0,0,-1,-1,0,0,0,-1.0162,0.082,1
0,1,0,0,0,-1,-1,0,0,0,-1.0164,0.079,1
0,1,0,0,0,-1,-1,0,0,0,-1.0166,0.076,1
0,1,0,0,0,-1,-1,0,0,0,-1.0168,0.073,1
0,1,0,0,0,-1,-1,0,0,0,-1.017,0.07,1
0,1,0,0,0,-1,-1,0,0,0,-1.0172,0.067,1
0,1,0,0,0,-1,-1,0,0,0,-1.0174,0.064,1
0,1,0,0,0,-1,-1,0,0,0,-1.0176,0.061,1
0,1,0,0,0,-1,-1,0,0,0,-1.0178,0.058,1
0,1,0,0,0,-1,-1,0,0,0,-1.018,0.0549999999999999,1
0,1,0,0,0,-1,-1,0,0,0,-1.0182,0.052,1
0,1,0,0,0,-1,-1,0,0,0,-1.0184,0.049,1
0,1,0,0,0,-1,-1,0,0,0,-1.0186,0.046,1
0,1,0,0,0,-1,-1,0,0,0,-1.0188,0.043,1
0,1,0,0,0,-1,-1,0,0,0,-1.019,0.04,1
0,1,0,0,0,-1,-1,0,0,0,-1.0192,0.037,1
0,1,0,0,0,-1,-1,0,0,0,-1.0194,0.034,1
0,1,0,0,0,-1,-1,0,0,0,-1.0196,0.031,1
0,1,0,0,0,-1,-1,0,0,0,-1.0198,0.028,1
0,1,0,0,0,-1,-1,0,0,0,-1.02,0.025,1
0,1,0,0,0,-1,-1,0,0,0,-1.02,0.025,0
0,1,0,0,0,-1,-1,0,0,0,-1.02,0.025,0
0,1,0,0,0,-1,-1,0,0,0,-1.02,0.025,0
0,1,0,0,0,-1,-1,0,0,0,-1.02,0.025,0
0,1,0,0,0,-1,-1,0,0,0,-1.02,0.025,0
0,1,0,0,0,-1,-1,0,0,0,-1.02,0.025,0
0,1,0,0,0,-1,-1,0,0,0,-1.02,0.025,0
0,1,0,0,0,-1,-1,0,0,0,-1.02,0.025,0
0,1,0,0,0,-1,-1,0,0,0,-1.02,0.025,0
0,1,0,0,0,-1,-1,0,0,0,-1.02,0.025,0
0,1,0,0,0,-1,-1,0,0,0,-1.02,0.025,0
0,1,0,0,0,-1,-1,0,0,0,-1.02,0.025,0
0,1,0,0,0,-1,-1,0,0,0,-1.02,0.025,0
0,1,0,0,0,-1,-1,0,0,0,-1.02,0.025,0
0,1,0,0,0,-1,-1,0,0,0,-1.02,0.025,0
0,1,0,0,0,-1,-1,0,0,0,-1.02,0.025,0
0,1,0,0,0,-1,-1,0,0,0,-1.02,0.025,0
0,1,0,0,0,-1,-1,0,0,0,-1.02,0.025,0
0,1,0,0,0,-1,-1,0,0,0,-1.02,0.025,0
0,1,0,0,0,-1,-1,0,0,0,-1.02,0.025,0
0,1,0,0,0,-1,-1,0,0,0,-1.02,0.025,0
0,1,0,0,0,-1,-1,0,0,0,-1.02,0.025,0
0,1,0,0,0,-1,-1,0,0,0,-1.02,0.025,0
0,1,0,0,0,-1,-1,0,0,0,-1.02,0.025,0
0,1,0,0,0,-1,-1,0,0,0,-1.02,0.025,0
0,1,0,0,0,-1,-1,0,0,0,-1.02,0.025,0
0,1,0,0,0,-1,-1,0,0,0,-1.02,0.025,0
0,1,0,0,0,-1,-1,0,0,0,-1.02,0.025,0
0,1,0,0,0,-1,-1,0,0,0,-1.02,0.025,0
0,1,0,0,0,-1,-1,0,0,0,-1.02,0.025,0
0,1,0,0,0,-1,-1,0,0,0,-1.02,0.025,0
0,1,0,0,0,-1,-1,0,0,0,-1.02,0.025,0
0,1,0,0,0,-1,-1,0,0,0,-1.02,0.025,0
0,1,0,0,0,-1,-1,0,0,0,-1.02,0.025,0
0,1,0,0,0,-1,-1,0,0,0,-1.02,0.025,0
0,1,0,0,0,-1,-1,0,0,0,-1.02,0.025,0
0,1,0,0,0,-1,-1,0,0,0,-1.02,0.025,0
0,1,0,0,0,-1,-1,0,0,0,-1.02,0.025,0
0,1,0,0,0,-1,-1,0,0,0,-1.02,0.025,0
0,1,0,0,0,-1,-1,0,0,0,-1.02,0.025,0
0,1,0,0,0,-1,-1,0,0,0,-1.02,0.025,0
0,1,0,0,0,-1,-1,0,0,0,-1.02,0.025,0
0,1,0,0,0,-1,-1,0,0,0,-1.02,0.025,0
0,1,0,0,0,-1,-1,0,0,0,-1.02,0.025,0
0,1,0,0,0,-1,-1,0,0,0,-1.02,0.025,0
0,1,0,0,0,-1,-1,0,0,0,-1.02,0.025,0
0,1,0,0,0,-1,-1,0,0,0,-1.02,0.025,0
0,1,0,0,0,-1,-1,0,0,0,-1.02,0.025,0
0,1,0,0,0,-1,-1,0,0,0,-1.02,0.025,0
0,1,0,0,0,-1,-1,0,0,0,-1.02,0.025,0
0,1,0,0,0,-1,-1,0,0,0,-1.02,0.025,0
0,1,0,0,0,-1,-1,0,0,0,-1.02,0.025,0
0,1,0,0,0,-1,-1,0,0,0,-1.02,0.025,0
0,1,0,0,0,-1,-1,0,0,0,-1.02,0.025,0
0,1,0,0,0,-1,-1,0,0,0,-1.02,0.025,0
0,1,0,0,0,-1,-1,0,0,0,-1.02,0.025,0
0,1,0,0,0,-1,-1,0,0,0,-1.02,0.025,0
0,1,0,0,0,-1,-1,0,0,0,-1.02,0.025,0
0,1,0,0,0,-1,-1,0,0,0,-1.02,0.025,0
0,1,0,0,0,-1,-1,0,0,0,-1.02,0.025,0
0,1,0,0,0,-1,-1,0,0,0,-1.02,0.025,0
0,1,0,0,0,-1,-1,0,0,0,-1.02,0.025,0
0,1,0,0,0,-1,-1,0,0,0,-1.02,0.025,0
0,1,0,0,0,-1,-1,0,0,0,-1.02,0.025,0
0,1,0,0,0,-1,-1,0,0,0,-1.02,0.025,0
0,1,0,0,0,-1,-1,0,0,0,-1.02,0.025,0
0,1,0,0,0,-1,-1,0,0,0,-1.02,0.025,0
0,1,0,0,0,-1,-1,0,0,0,-1.02,0.025,0
0,1,0,0,0,-1,-1,0,0,0,-1.02,0.025,0
0,1,0,0,0,-1,-1,0,0,0,-1.02,0.025,0
0,1,0,0,0,-1,-1,0,0,0,-1.02,0.025,0
0,1,0,0,0,-1,-1,0,0,0,-1.02,0.025,0
0,1,0,0,0,-1,-1,0,0,0,-1.02,0.025,0
0,1,0,0,0,-1,-1,0,0,0,-1.02,0.025,0
0,1,0,0,0,-1,-1,0,0,0,-1.02,0.025,0
0,1,0,0,0,-1,-1,0,0,0,-1.02,0.025,0
0,1,0,0,0,-1,-1,0,0,0,-1.02,0.025,0
0,1,0,0,0,-1,-1,0,0,0,-1.02,0.025,0
0,1,0,0,0,-1,-1,0,0,0,-1.02,0.025,0
0,1,0,0,0,-1,-1,0,0,0,-1.02,0.025,0
0,1,0,0,0,-1,-1,0,0,0,-1.02,0.025,0
0,1,0,0,0,-1,-1,0,0,0,-1.02,0.025,0
0,1,0,0,0,-1,-1,0,0,0,-1.02,0.025,0
0,1,0,0,0,-1,-1,0,0,0,-1.02,0.025,0
0,1,0,0,0,-1,-1,0,0,0,-1.02,0.025,0
0,1,0,0,0,-1,-1,0,0,0,-1.02,0.025,0
0,1,0,0,0,-1,-1,0,0,0,-1.02,0.025,0
0,1,0,0,0,-1,-1,0,0,0,-1.02,0.025,0
0,1,0,0,0,-1,-1,0,0,0,-1.02,0.025,0
0,1,0,0,0,-1,-1,0,0,0,-1.02,0.025,0
0,1,0,0,0,-1,-1,0,0,0,-1.02,0.025,0
0,1,0,0,0,-1,-1,0,0,0,-1.02,0.025,0
0,1,0,0,0,-1,-1,0,0,0,-1.02,0.025,0
0,1,0,0,0,-1,-1,0,0,0,-1.02,0.025,0
0,1,0,0,0,-1,-1,0,0,0,-1.02,0.025,0
0,1,0,0,0,-1,-1,0,0,0,-1.02,0.025,0
0,1,0,0,0,-1,-1,0,0,0,-1.02,0.025,0
0,1,0,0,0,-1,-1,0,0,0,-1.02,0.025,0
0,1,0,0,0,-1,-1,0,0,0,-1.02,0.025,0
0,1,0,0,0,-1,-1,0,0,0,-1.02,0.025,0
0,1,0,0,0,-1,-1,0,0,0,-1.0198,0.028,0
0,1,0,0,0,-1,-1,0,0,0,-1.0196,0.031,0
0,1,0,0,0,-1,-1,0,0,0,-1.0194,0.034,0
0,1,0,0,0,-1,-1,0,0,0,-1.0192,0.037,0
0,1,0,0,0,-1,-1,0,0,0,-1.019,0.04,0
0,1,0,0,0,-1,-1,0,0,0,-1.0188,0.043,0
0,1,0,0,0,-1,-1,0,0,0,-1.0186,0.046,0
0,1,0,0,0,-1,-1,0,0,0,-1.0184,0.049,0
0,1,0,0,0,-1,-1,0,0,0,-1.0182,0.052,0
0,1,0,0,0,-1,-1,0,0,0,-1.018,0.055,0
0,1,0,0,0,-1,-1,0,0,0,-1.0178,0.058,0
0,1,0,0,0,-1,-1,0,0,0,-1.0176,0.061,0
0,1,0,0,0,-1,-1,0,0,0,-1.0174,0.064,0
0,1,0,0,0,-1,-1,0,0,0,-1.0172,0.067,0
0,1,0,0,0,-1,-1,0,0,0,-1.017,0.07,0
0,1,0,0,0,-1,-1,0,0,0,-1.0168,0.073,0
0,1,0,0,0,-1,-1,0,0,0,-1.0166,0.076,0
0,1,0,0,0,-1,-1,0,0,0,-1.0164,0.079,0
0,1,0,0,0,-1,-1,0,0,0,-1.0162,0.082,0
0,1,0,0,0,-1,-1,0,0,0,-1.016,0.085,0
0,1,0,0,0,-1,-1,0,0,0,-1.0158,0.088,0
0,1,0,0,0,-1,-1,0,0,0,-1.0156,0.091,0
0,1,0,0,0,-1,-1,0,0,0,-1.0154,0.094,0
0,1,0,0,0,-1,-1,0,0,0,-1.0152,0.097,0
0,1,0,0,0,-1,-1,0,0,0,-1.015,0.1,0
0,1,0,0,0,-1,-1,0,0,0,-1.0148,0.103,0
0,1,0,0,0,-1,-1,0,0,0,-1.0146,0.106,0
0,1,0,0,0,-1,-1,0,0,0,-1.0144,0.109,0
0,1,0,0,0,-1,-1,0,0,0,-1.0142,0.112,0
0,1,0,0,0,-1,-1,0,0,0,-1.014,0.115,0
0,1,0,0,0,-1,-1,0,0,0,-1.0138,0.118,0
0,1,0,0,0,-1,-1,0,0,0,-1.0136,0.121,0
0,1,0,0,0,-1,-1,0,0,0,-1.0134,0.124,0
0,1,0,0,0,-1,-1,0,0,0,-1.0132,0.127,0
0,1,0,0,0,-1,-1,0,0,0,-1.013,0.13,0
0,1,0,0,0,-1,-1,0,0,0,-1.0128,0.133,0
0,1,0,0,0,-1,-1,0,0,0,-1.0126,0.136,0
0,1,0,0,0,-1,-1,0,0,0,-1.0124,0.139,0
0,1,0,0,0,-1,-1,0,0,0,-1.0122,0.142,0
0,1,0,0,0,-1,-1,0,0,0,-1.012,0.145,0
0,1,0,0,0,-1,-1,0,0,0,-1.0118,0.148,0
0,1,0,0,0,-1,-1,0,0,0,-1.0116,0.151,0
0,1,0,0,0,-1,-1,0,0,0,-1.0114,0.154,0
0,1,0,0,0,-1,-1,0,0,0,-1.0112,0.157,0
0,1,0,0,0,-1,-1,0,0,0,-1.011,0.16,0
0,1,0,0,0,-1,-1,0,0,0,-1.0108,0.163,0
0,1,0,0,0,-1,-1,0,0,0,-1.0106,0.166,0
0,1,0,0,0,-1,-1,0,0,0,-1.0104,0.169,0
0,1,0,0,0,-1,-1,0,0,0,-1.0102,0.172,0
0,1,0,0,0,-1,-1,0,0,0,-1.01,0.175,0
0,1,0,0,0,-1,-1,0,0,0,-1.0098,0.178,0
0,1,0,0,0,-1,-1,0,0,0,-1.0096,0.181,0
0,1,0,0,0,-1,-1,0,0,0,-1.0094,0.184,0
0,1,0,0,0,-1,-1,0,0,0,-1.0092,0.187,0
0,1,0,0,0,-1,-1,0,0,0,-1.009,0.19,0
0,1,0,0,0,-1,-1,0,0,0,-1.0088,0.193,0
0,1,0,0,0,-1,-1,0,0,0,-1.0086,0.196,0
0,1,0,0,0,-1,-1,0,0,0,-1.0084,0.199,0
0,1,0,0,0,-1,-1,0,0,0,-1.0082,0.202,0
0,1,0,0,0,-1,-1,0,0,0,-1.008,0.205,0
0,1,0,0,0,-1,-1,0,0,0,-1.0078,0.208,0
0,1,0,0,0,-1,-1,0,0,0,-1.0076,0.211,0
0,1,0,0,0,-1,-1,0,0,0,-1.0074,0.214,0
0,1,0,0,0,-1,-1,0,0,0,-1.0072,0.217,0
0,1,0,0,0,-1,-1,0,0,0,-1.007,0.22,0
0,1,0,0,0,-1,-1,0,0,0,-1.0068,0.223,0
0,1,0,0,0,-1,-1,0,0,0,-1.0066,0.226,0
0,1,0,0,0,-1,-1,0,0,0,-1.0064,0.229,0
0,1,0,0,0,-1,-1,0,0,0,-1.0062,0.232,0
0,1,0,0,0,-1,-1,0,0,0,-1.006,0.235,0
0,1,0,0,0,-1,-1,0,0,0,-1.0058,0.238,0
0,1,0,0,0,-1,-1,0,0,0,-1.0056,0.241,0
0,1,0,0,0,-1,-1,0,0,0,-1.0054,0.244,0
0,1,0,0,0,-1,-1,0,0,0,-1.0052,0.247,0
0,1,0,0,0,-1,-1,0,0,0,-1.005,0.25,0
0,1,0,0,0,-1,-1,0,0,0,-1.0048,0.253,0
0,1,0,0,0,-1,-1,0,0,0,-1.0046,0.256,0
0,1,0,0,0,-1,-1,0,0,0,-1.0044,0.259,0
0,1,0,0,0,-1,-1,0,0,0,-1.0042,0.262,0
0,1,0,0,0,-1,-1,0,0,0,-1.004,0.265,0
0,1,0,0,0,-1,-1,0,0,0,-1.0038,0.268,0
0,1,0,0,0,-1,-1,0,0,0,-1.0036,0.271,0
0,1,0,0,0,-1,-1,0,0,0,-1.0034,0.274,0
0,1,0,0,0,-1,-1,0,0,0,-1.0032,0.277,0
0,1,0,0,0,-1,-1,0,0,0,-1.003,0.28,0
0,1,0,0,0,-1,-1,0,0,0,-1.0028,0.283,0
0,1,0,0,0,-1,-1,0,0,0,-1.0026,0.286,0
0,1,0,0,0,-1,-1,0,0,0,-1.0024,0.289,0
0,1,0,0,0,-1,-1,0,0,0,-1.0022,0.292,0
0,1,0,0,0,-1,-1,0,0,0,-1.002,0.295,0
0,1,0,0,0,-1,-1,0,0,0,-1.0018,0.298,0
0,1,0,0,0,-1,-1,0,0,0,-1.0016,0.301,0
0,1,0,0,0,-1,-1,0,0,0,-1.0014,0.304,0
0,1,0,0,0,-1,-1,0,0,0,-1.0012,0.307,0
0,1,0,0,0,-1,-1,0,0,0,-1.001,0.31,0
0,1,0,0,0,-1,-1,0,0,0,-1.0008,0.313,0
0,1,0,0,0,-1,-1,0,0,0,-1.0006,0.316,0
0,1,0,0,0,-1,-1,0,0,0,-1.0004,0.319,0
0,1,0,0,0,-1,-1,0,0,0,-1.0002,0.322,0
0,1,0,0,0,-1,-1,0,0,0,-1,0.325,0
